# EPA eGRID2023 data file, PLNT23 extract. 17 USC 105.
# Plants in AZNM, CAMX, ERCT, RFCE, RFCW, SRVC. Columns: orispl, subregion, net_gen_mwh, co2_tons.
orispl,subregion,net_gen_mwh,co2_tons
118,AZNM,175612,95661.122000000003
117,AZNM,3053387,969426.80200000003
62643,AZNM,2632.998,0
58632,AZNM,3029,0
57373,CAMX,691333.99899999995,0
141,AZNM,158532,102744.69
64384,AZNM,5282,0
60684,AZNM,2030,0
60964,AZNM,55339,0
160,AZNM,1982376.9990000001,1483122.023
58199,AZNM,41294,12836.386
57765,AZNM,5558.9989999999998,0
55282,AZNM,3496839,1526403.4269999999
57680,AZNM,348545.99900000001,0
59168,AZNM,70859,0
60062,AZNM,43863,0
57657,AZNM,64758,0
58262,AZNM,33216,0
56482,AZNM,94899,60117.951999999997
58042,AZNM,20270,0
60413,AZNM,118710,0
64580,AZNM,6265,0
65185,AZNM,1702,0
58037,AZNM,6322,0
60685,AZNM,2717.9989999999998,0
64566,AZNM,263726,0
66001,AZNM,235585,0
57560,AZNM,26269,0
113,AZNM,1787705,2272264.5750000002
56229,AZNM,54148.31,16415.012999999999
59233,AZNM,35719.279999999999,10733.326999999999
58832,AZNM,2090,0
56948,AZNM,422112.99599999998,265827.62199999997
6177,AZNM,3082129,4005256.6290000002
57561,AZNM,41151,0
152,AZNM,908941.99800000002,0
59779,AZNM,31454,0
124,AZNM,1310,1099.4760000000001
55129,AZNM,2994698,1366098.493
59444,AZNM,29978,0
114,AZNM,90,131.232
57098,AZNM,111556,0
62899,AZNM,253726,0
60230,AZNM,4162,0
57930,AZNM,4103,0
57997,AZNM,101512,0
58972,AZNM,37208,0
58842,AZNM,6215,0
59020,AZNM,80032,0
60768,AZNM,2813817,1204834.183
55306,AZNM,2015688,4459644.5060000001
58543,AZNM,3565,0
61272,AZNM,137974,0
55124,AZNM,3670670,1580277.3629999999
7179,AZNM,32271,0
8902,AZNM,1459562.0020000001,0
145,AZNM,127573.999,0
58383,AZNM,30261,0
57563,AZNM,40223,0
60822,AZNM,10667,0
60996,AZNM,4588,0
126,AZNM,1390938,528231.74899999995
60603,AZNM,8346,0
58292,AZNM,2010,0
57775,AZNM,18074,0
147,AZNM,1258511,530083.42599999998
57556,AZNM,931,0
58539,AZNM,14390,0
57324,AZNM,32767,0
64404,AZNM,8058,0
55481,AZNM,4016736,3313551.8450000002
57707,CAMX,403904.99800000002,0
60307,CAMX,274398,0
60308,CAMX,461621,0
65963,AZNM,58724,0
63114,AZNM,961409,0
63554,AZNM,17110,0
59819,AZNM,8183,0
148,AZNM,67830,0
55372,AZNM,2326465,968559.15700000001
6088,AZNM,3648,4641.2569999999996
57403,AZNM,17570,0
56616,AZNM,175580,228.18
63349,AZNM,81879,0
116,AZNM,640869,337870.98499999999
6008,AZNM,31522590,0
57562,AZNM,38964,0
58293,AZNM,2049,0
58155,AZNM,222297,0
58708,AZNM,848,0
58709,AZNM,2706,0
58486,AZNM,48986,0
62075,AZNM,2404,0
61104,AZNM,1556,0
63531,AZNM,3050,0
61678,AZNM,57517,0
57318,AZNM,51359,0
57379,AZNM,116724,0
58171,AZNM,7535,0
56228,AZNM,2627,0
58147,AZNM,22875,0
57883,AZNM,46444,0
57795,AZNM,9102,0
57790,AZNM,31740,0
58501,AZNM,38509,0
65972,AZNM,33506,0
58833,AZNM,203382,0
60285,AZNM,48058,0
60467,AZNM,25977,0
55455,AZNM,4430509,1839597.8149999999
59044,AZNM,4282,0
57524,AZNM,1132,0
149,AZNM,98825,0
58213,AZNM,30904,0
63476,AZNM,263275,0
59634,AZNM,111105,0
8068,AZNM,5697255,2049144.477
56812,AZNM,774723,0
66627,AZNM,110143,0
55177,AZNM,2671767,1220071.7649999999
8223,AZNM,6733669.9400000004,7679992.4539999999
150,AZNM,34978,0
65956,AZNM,31027,0
60381,AZNM,53285,0
63440,CAMX,366292,0
60827,CAMX,380637,0
55522,AZNM,522679,317086.38199999998
61199,AZNM,618,0
59455,AZNM,13711,0
57392,AZNM,403,0
58516,AZNM,2573,0
54594,AZNM,118,241.71700000000001
6515,AZNM,5650.0010000000002,4834.2969999999996
59454,AZNM,26220,0
58517,AZNM,2742,0
57939,AZNM,1793,0
66125,AZNM,276469,0
64426,AZNM,272043,0
120,AZNM,236544,99532.361999999994
54694,AZNM,149275,66478.047000000006
65331,CAMX,3790,0
65794,CAMX,2381,0
58918,CAMX,2025,0
58920,CAMX,2554,0
58919,CAMX,1512,0
52162,CAMX,62927,0
52163,CAMX,86927,0
65330,CAMX,5415,0
66622,CAMX,2941,0
293,CAMX,16124,0
61501,CAMX,8473,0
61502,CAMX,7848,0
61503,CAMX,8463,0
58699,CAMX,15983,0
315,CAMX,598254,1666706.2790000001
335,CAMX,167370,1398861.101
356,CAMX,256221,296011.8
63699,CAMX,6316,0
59610,CAMX,27622,0
62577,CAMX,27115,0
58889,CAMX,1348,0
65205,CAMX,8700,0
65206,CAMX,5844,0
65208,CAMX,7082,0
65204,CAMX,6962,0
65360,CAMX,6510,0
61154,CAMX,8302,0
61153,CAMX,7181,0
65192,CAMX,3514,0
62573,CAMX,6985,0
63605,CAMX,6608,0
62574,CAMX,7208,0
63606,CAMX,7311,0
57378,CAMX,567726,0
60085,CAMX,8205,0
65517,CAMX,17314,0
59440,CAMX,17018,0
57305,CAMX,3530,0
59441,CAMX,54867,0
60027,CAMX,27369,0
57651,CAMX,39000,0
55184,CAMX,23649,7771.6289999999999
57697,CAMX,5891,0
57698,CAMX,3739,0
50748,CAMX,35748,21509.223000000002
66797,CAMX,1519,0
55951,CAMX,10221,6739.2
52158,CAMX,77312,3432.6460000000002
7450,CAMX,3906,4121.5079999999998
905,CAMX,91319,0
59469,CAMX,43709,0
57564,CAMX,14879,9067.8420000000006
60242,CAMX,17690,0
59412,CAMX,45473,0
62546,CAMX,9556,0
7315,CAMX,188374.99900000001,116798.645
58003,CAMX,71663,0
58002,CAMX,22384,0
57295,CAMX,160957,0
214,CAMX,2524,0
57282,CAMX,360984,0
57291,CAMX,299672,0
57292,CAMX,302613,0
57293,CAMX,147808,0
57294,CAMX,238061,0
57835,CAMX,186410,0
58394,CAMX,336516,0
58395,CAMX,247648,0
50299,CAMX,3090,1906.7529999999999
50571,CAMX,39367,1E-3
63303,CAMX,1560,0
61377,CAMX,2197,0
64429,CAMX,3635,0
64751,CAMX,7514,0
57771,CAMX,16031,0
56898,CAMX,32615,1E-3
58437,CAMX,32098,0
58397,CAMX,9302,0
56897,CAMX,28699,0
56895,CAMX,87043.001999999993,0
58436,CAMX,30903,0
56428,CAMX,18779.001,0
58435,CAMX,31473,0
62687,CAMX,6642,0
60777,CAMX,270014,0
56706,CAMX,10501,44.064
59416,CAMX,2914,0
215,CAMX,7241,0
66456,CAMX,21588,0
59331,CAMX,3511,0
60279,CAMX,45762,0
60186,CAMX,106646,0
60187,CAMX,12569,0
61265,CAMX,36182,0
62320,CAMX,46916,0
61264,CAMX,234151,0
62673,CAMX,34735,0
62674,CAMX,11400,0
59557,CAMX,25933,0
59473,CAMX,15622,0
62547,CAMX,560174,0
10684,CAMX,244809.46,138725.13
64481,CAMX,356386,0
64564,CAMX,308146,0
58445,CAMX,2396,0
58446,CAMX,1383,0
58447,CAMX,3157,0
59737,CAMX,20112,0
64523,CAMX,2820,0
63300,CAMX,707034,0
58366,CAMX,33446,0
59414,CAMX,46543,0
57359,CAMX,10585,0
58039,CAMX,53738,0
50200,CAMX,27194.02,8739.2839999999997
65617,CAMX,3169,0
66533,CAMX,3616,0
66532,CAMX,3391,0
10650,CAMX,24812,9632.1689999999999
59428,CAMX,3283,0
61118,CAMX,1974,0
61117,CAMX,6725,0
217,CAMX,184360,0
218,CAMX,489703,0
56474,CAMX,20405,14438.486000000001
60481,CAMX,47358,0
60474,CAMX,44864,0
60475,CAMX,45578,0
59309,CAMX,119893,0
59308,CAMX,97186,0
50156,CAMX,5562,0
58508,CAMX,3873,0
10649,CAMX,47775,18853.351999999999
457,CAMX,2713,0
56346,CAMX,1865.0029999999999,1564.7940000000001
414,CAMX,82660,0
65203,CAMX,5825,0
219,CAMX,227786,0
58890,CAMX,1325,0
50170,CAMX,24008,7759.4880000000003
50622,CAMX,124671,40030.671999999999
62176,CAMX,71742,39256.428
52096,CAMX,14822,4899.1989999999996
10880,CAMX,11189,0
64418,CAMX,7855,0
317,CAMX,393801,0
318,CAMX,296174,0
322,CAMX,506047,0
319,CAMX,377227.00099999999,0
320,CAMX,450605,0
321,CAMX,152879,0
10282,CAMX,10056,0
391,CAMX,8980,0
64993,CAMX,245753,0
63189,CAMX,3344,0
54296,CAMX,11159,3328.0970000000002
323,CAMX,35633,0
324,CAMX,26216.001,0
325,CAMX,49822,0
326,CAMX,13702,0
327,CAMX,9624,0
66799,CAMX,1608.999,0
7229,CAMX,20217,0
66863,CAMX,6887,0
56090,CAMX,45092,43167.478999999999
59524,CAMX,40102,0
62077,CAMX,2988,0
55295,CAMX,1546542,743198.06299999997
65053,CAMX,602802,0
60093,CAMX,593456,0
60092,CAMX,323464,0
60094,CAMX,309133,0
60095,CAMX,304136,0
65383,CAMX,4075,0
56862,CAMX,93,0
59531,CAMX,119939,0
59461,CAMX,161143.997,0
50546,CAMX,15325,0
58007,CAMX,247015.35,0
57580,CAMX,19346,11653.81
64579,CAMX,3714,0
65186,CAMX,1220,0
65187,CAMX,2547,0
65188,CAMX,3079,0
57962,CAMX,220358,0
220,CAMX,72217,0
56446,CAMX,90890,0
60154,CAMX,899,0
60151,CAMX,2230,0
60153,CAMX,2074,0
10706,CAMX,6200,0
10652,CAMX,186654,8144.5029999999997
221,CAMX,146546,0
57970,CAMX,6671,0
64471,CAMX,12752,0
58251,CAMX,36388,0
65528,CAMX,5399,0
65615,CAMX,462,0
65365,CAMX,1825,0
60428,CAMX,3772,0
60033,CAMX,257214,0
60034,CAMX,304852,0
64518,CAMX,2353,0
65525,CAMX,1109,0
65523,CAMX,3723,0
65447,CAMX,2783,0
58440,CAMX,4522.0020000000004,0
58253,CAMX,7743.9989999999998,0
57573,CAMX,21708.959999999999,7530.0590000000002
63490,CAMX,272311,0
61620,CAMX,8728,0
59748,CAMX,2063,0
61619,CAMX,2343,0
61621,CAMX,3552,0
10631,AZNM,335023,14875.040999999999
55984,AZNM,37858,1680.902
60077,CAMX,8585,0
60078,CAMX,47722,0
60079,CAMX,47153,0
60080,CAMX,36143,0
60081,CAMX,46909,0
62378,CAMX,1048,0
63204,CAMX,2563,0
59183,CAMX,38963,0
52147,CAMX,110486,36357.919999999998
59130,CAMX,1904,0
59129,CAMX,1444,0
65182,CAMX,5552,0
63701,CAMX,8311,0
56813,CAMX,1094,0
62028,CAMX,6901,0
58422,CAMX,819,0
64401,CAMX,4460,0
50851,CAMX,482,189.89
60979,CAMX,2588,0
60978,CAMX,1514,0
58169,CAMX,37365.000999999997,10508.485000000001
56011,CAMX,118043,0
67179,CAMX,13,0
302,CAMX,296369,178692.63099999999
63054,CAMX,7421,0
55510,CAMX,13235.999,8657.0589999999993
55513,CAMX,5467.0020000000004,3566.58
55508,CAMX,26415.001,16732.600999999999
55499,CAMX,7208,4673.9769999999999
56768,CAMX,6326,0
65202,CAMX,6819,0
65193,CAMX,5565,0
65361,CAMX,8271,0
57163,CAMX,47398,0
65564,CAMX,2354,0
63516,CAMX,5320,0
10262,CAMX,15825,5151.6689999999999
59283,CAMX,1976,0
64403,CAMX,7681,0
57439,CAMX,623763,0
59088,AZNM,37200,0
64521,AZNM,17816,0
50066,CAMX,472942,20998.598000000002
10034,CAMX,59471,23633.985000000001
55112,CAMX,2135122,926475.71
57460,CAMX,401.005,0
537,CAMX,58080,0
10586,CAMX,125098,0
430,CAMX,481810,0
7552,CAMX,616298,298881.32199999999
58467,CAMX,328579,0
65740,CAMX,7243,0
57522,CAMX,33903,0
57027,CAMX,102533,64211.923000000003
222,CAMX,197944.00099999999,0
223,CAMX,434023,0
10169,CAMX,34839,17986.569
7527,CAMX,152406,65500.317999999999
58590,CAMX,52965,0
392,CAMX,136341,0
63385,CAMX,7776,0
57870,CAMX,1675,0
60277,CAMX,917,0
64836,CAMX,1763,0
59334,CAMX,44991,0
57708,CAMX,262670,0
67000,CAMX,927,0
56475,CAMX,4274.9989999999998,3704.47
58430,CAMX,491597.00099999999,0
64519,AZNM,18147,0
63940,CAMX,70027,0
60281,CAMX,7231,0
59963,CAMX,28840,0
63439,CAMX,18015,0
58258,CAMX,38888.36,11546.710999999999
55934,CAMX,651,959.6
62150,CAMX,6584,0
50003,CAMX,43797,18869.995999999999
65238,CAMX,3777,0
65253,CAMX,3491,0
65254,CAMX,4160,0
63545,CAMX,68896,0
412,CAMX,134674,0
10175,CAMX,26712.999,11373.813
225,CAMX,43492,0
56185,CAMX,13571.008,8175.5680000000002
58506,CAMX,6804,0
57011,CAMX,1152,0
55540,CAMX,1732.001,1748.9870000000001
59738,CAMX,6617,0
62052,AZNM,64581,0
58525,CAMX,10284,213.803
57682,CAMX,1549,0
57714,CAMX,20.58,47.515999999999998
66667,CAMX,1199,0
59329,CAMX,4323,0
56356,CAMX,13111,5385.415
60813,CAMX,2258,0
58949,CAMX,1569,0
66469,CAMX,1425,0
66468,CAMX,1260,0
66470,CAMX,1434,0
6060,AZNM,754,2789.9079999999999
64323,CAMX,155367,0
52086,CAMX,67039,20194.366000000002
50750,CAMX,44357,13846.441999999999
58379,CAMX,10025,0
227,CAMX,34108,0
454,CAMX,1695199,0
60825,AZNM,156281,0
54555,CAMX,978198,0
10661,CAMX,5997,0
59798,CAMX,1433,0
59597,CAMX,2289,0
59598,CAMX,1148,0
59979,CAMX,19736,0
56532,CAMX,2946217,1282780.0179999999
846,CAMX,6785.0010000000002,0
65211,CAMX,7758,0
58545,AZNM,13339,0
393,CAMX,91032,0
54299,CAMX,36260,0
54298,CAMX,31951,0
54750,CAMX,4309,0
60450,CAMX,1997,0
58374,CAMX,34716,0
59413,CAMX,46806,0
59900,CAMX,49200,0
480,CAMX,4115,0
59638,CAMX,28554,0
59536,CAMX,3356,0
59537,CAMX,3430,0
10875,CAMX,277254.99900000001,12310.134
10873,CAMX,425737,18902.726999999999
10874,CAMX,363948.99900000001,16159.35
55970,CAMX,2914550,1234409.9080000001
394,CAMX,1288,0
59087,CAMX,21124,0
59086,CAMX,25325,0
59703,CAMX,1383,0
64601,CAMX,3134,0
62242,CAMX,2283,0
50632,CAMX,93226,135103.58600000001
10707,CAMX,14365,0
229,CAMX,1680,0
55625,CAMX,8187.9989999999998,5344.31
231,CAMX,121710,0
55084,CAMX,1479637,517518.38500000001
58527,AZNM,537,0
66714,CAMX,932,0
60043,CAMX,75270,0
55512,CAMX,12084.999,8125.2070000000003
52081,CAMX,37208,11326.782999999999
52104,CAMX,54372,16867.093000000001
52082,CAMX,37094,11239.155000000001
63486,CAMX,4101,0
63419,CAMX,3235,0
63947,CAMX,3952,0
63418,CAMX,4844,0
59746,CAMX,4246,0
54238,CAMX,326252,0
64851,CAMX,23762,0
64852,CAMX,318907,0
65364,CAMX,5807,0
232,CAMX,47198,0
7507,CAMX,3111,0
64861,CAMX,2705,0
233,CAMX,10203,0
10632,AZNM,311215,13817.964
58122,CAMX,2050.0010000000002,1448.116
61116,CAMX,990,0
55333,CAMX,4200083,1795387.781
64517,CAMX,4139,0
58119,CAMX,2368,0
60861,CAMX,5286,0
57959,CAMX,8614,0
64103,CAMX,125766,0
62177,CAMX,191073,0
58514,CAMX,5897,0
58542,CAMX,543525.00100000005,0
57993,CAMX,659430.99899999995,0
10300,AZNM,201906,3556.8490000000002
436,CAMX,1159756,0
6099,CAMX,17718368,0
56271,CAMX,35763,0
64622,CAMX,10903,0
59405,CAMX,2343,0
54686,CAMX,15317,0
56791,CAMX,151356,0
10005,CAMX,7868,0
60100,CAMX,0,0
57827,CAMX,1560,0
380,CAMX,586820,0
65200,CAMX,6979,0
62571,CAMX,7573,0
64308,CAMX,5858,0
59094,CAMX,2705,0
59095,CAMX,1137,0
59096,CAMX,1465,0
54449,CAMX,48694,18055.888999999999
52064,CAMX,13738,0
439,CAMX,538261.00100000005,0
65177,CAMX,2297,0
56026,CAMX,862095,418069.217
415,CAMX,347749,0
64693,CAMX,1614,0
50493,CAMX,22926,14195.941999999999
67432,CAMX,354,0
65766,CAMX,2747,0
63127,CAMX,294012,0
55935,CAMX,606,869.24400000000003
585,AZNM,5378.0010000000002,0
385,AZNM,34782,0
386,AZNM,27638,0
387,AZNM,79843,0
314,AZNM,9236,0
235,CAMX,88194.001000000004,0
236,CAMX,271031,0
60182,CAMX,2245,0
237,CAMX,112054,0
413,CAMX,46717,0
6211,CAMX,6031,6261.4
60446,CAMX,2281,0
10776,CAMX,5687,3350.8820000000001
59132,CAMX,2621,0
59133,CAMX,2433,0
54453,CAMX,21005,0
64406,CAMX,5270,0
64396,CAMX,8014,0
64399,CAMX,2811,0
64397,CAMX,9470,0
64398,CAMX,3570,0
63704,CAMX,16503,0
63705,CAMX,20627,0
63708,CAMX,29237,0
64270,CAMX,4574,0
63078,CAMX,7568,0
586,AZNM,3014,0
50375,CAMX,4028,0
50820,CAMX,4704,0
50553,CAMX,10787,0
437,CAMX,1454102.0009999999,0
58076,CAMX,866.00099999999998,0
64878,CAMX,316119,0
65674,CAMX,330180,0
64879,CAMX,298896,0
64877,CAMX,53580,0
65675,CAMX,227915,0
65676,CAMX,144215,0
64929,CAMX,99294,0
64928,CAMX,84851,0
65677,CAMX,68873,0
57001,CAMX,7587.9989999999998,5136.5159999999996
389,AZNM,1089549,561799.28899999999
238,CAMX,100957,0
64402,CAMX,3767,0
64700,CAMX,3338,0
56707,CAMX,1025,49.302999999999997
330,CAMX,147297,78757.513999999996
10213,CAMX,1154658.8600000001,702136.19700000004
239,CAMX,393529,0
59964,CAMX,98911,0
55950,CAMX,7968,3561.1080000000002
55400,CAMX,3775457,1276218.7379999999
8076,CAMX,3785,3103.4630000000002
10634,AZNM,359388,15956.855
10026,CAMX,14356,458.089
58168,CAMX,4746.9989999999998,2089.7020000000002
59122,CAMX,2495,0
65210,CAMX,13456,0
50530,CAMX,334633.04200000002,110765.841
62671,CAMX,35870,0
62704,CAMX,8050,0
62702,CAMX,28182,0
62703,CAMX,27819,0
62705,CAMX,7801,0
60223,CAMX,7644,0
55538,CAMX,23340,13870.692999999999
66772,CAMX,519,0
745,CAMX,16728,0
409,CAMX,250621,0
58306,CAMX,3805,0
58761,CAMX,3827,0
58762,CAMX,4060,0
58763,CAMX,3483,0
63604,CAMX,5980,0
63607,CAMX,8460,0
58261,CAMX,1196,0
62575,CAMX,8704,0
57201,CAMX,97526,0
57506,CAMX,1310,0
63993,CAMX,1065,0
10052,CAMX,0,0
59203,CAMX,5658,0
55847,CAMX,45241.000999999997,32167.185000000001
64197,CAMX,68933,0
63994,CAMX,1616,0
64391,CAMX,3894,0
65168,CAMX,2307,0
59523,CAMX,101956,0
57498,CAMX,18872,0
441,CAMX,895140,0
61698,CAMX,611,0
332,CAMX,6185,0
396,CAMX,32154,0
6645,CAMX,19634,0
417,CAMX,155030,0
59651,CAMX,1737,0
50350,CAMX,41945,0
57791,CAMX,2867,0
61066,CAMX,4216,0
61442,CAMX,5981,0
58102,CAMX,3542,0
58112,CAMX,1600,0
58101,CAMX,3268,0
62654,CAMX,18074,0
57792,CAMX,391,0
61443,CAMX,5914,0
58114,CAMX,23004,0
58113,CAMX,9575,0
57626,CAMX,1806,0
61444,CAMX,5372,0
61067,CAMX,4018,0
58104,CAMX,1365,0
58105,CAMX,1774,0
62287,CAMX,1848,0
50219,CAMX,2500,0
57809,CAMX,3829,0
60183,CAMX,1641,0
65131,CAMX,2342,0
65072,CAMX,532,0
424,CAMX,67365,0
63420,CAMX,2162,0
10156,CAMX,3034,1070.518
63421,CAMX,2090,0
60083,CAMX,3813,0
63422,CAMX,2524,0
50393,CAMX,106187,0
62275,CAMX,2623,0
60039,CAMX,40134,0
58320,CAMX,10840,0
57133,CAMX,25154,0
63714,CAMX,16341,0
56909,CAMX,5746,0
58528,CAMX,6139,0
57302,CAMX,14829,0
50492,CAMX,27927,0
61445,CAMX,26191,0
57892,CAMX,37517,0
56476,CAMX,3085208,1343001.56
60844,CAMX,12403,0
60231,CAMX,6732,0
57394,CAMX,618184,0
7368,CAMX,334834,14866.634
7369,CAMX,198851,8828.9760000000006
286,CAMX,4499612.0020000003,199782.761
7231,CAMX,9873,8631.9639999999999
57521,CAMX,13360,0
59522,CAMX,21925,0
65409,CAMX,1514,0
65408,CAMX,2293,0
55810,CAMX,24174.999,16642.266
58432,CAMX,45387,23914.508999999998
422,CAMX,40910,25260.904999999999
54749,CAMX,13623,5949.0829999999996
59328,CAMX,4846,0
63859,CAMX,516092,0
60590,CAMX,144653,0
61222,CAMX,143373,0
60049,CAMX,247776,0
57796,CAMX,1749,0
57797,CAMX,1907,0
65568,CAMX,2686,0
55627,CAMX,15736,10095.489
10128,CAMX,2975,0
65485,CAMX,9076,0
56472,CAMX,3998,3694.877
58217,CAMX,1889,0
58204,CAMX,1503,0
377,CAMX,32724,31205.884999999998
59940,CAMX,561408.99899999995,0
57849,CAMX,4830,0
57850,CAMX,1538,0
61339,CAMX,6246,0
61215,CAMX,7194,0
61216,CAMX,6316,0
58370,CAMX,1582,0
58371,CAMX,3990,0
7338,CAMX,1892,0
62987,CAMX,2079,0
10115,CAMX,27453,9268.5220000000008
62690,CAMX,2272,0
57891,CAMX,24216,0
56039,CAMX,297.92,231.96600000000001
10777,CAMX,205097,985.66200000000003
62655,CAMX,10946,0
240,CAMX,499693,0
59300,CAMX,4577,0
55698,CAMX,4050,2535.944
50541,CAMX,25557,18637.850999999999
399,CAMX,154676,96077.445000000007
243,CAMX,22767,0
244,CAMX,6946,0
10882,CAMX,17789,0
56654,CAMX,248469,0
400,CAMX,2549666.9980000001,1183756.827
10253,CAMX,18534,0
59009,CAMX,58358,0
54689,AZNM,250141.99900000001,11106.325000000001
58398,AZNM,25521,0
59315,CAMX,134945,0
59316,CAMX,134444,0
59317,CAMX,116347,0
57831,CAMX,2517,0
62689,CAMX,3620,0
56275,CAMX,2676,0
55807,CAMX,3536,2255.0729999999999
58975,CAMX,234221,0
66492,CAMX,3272,0
59182,CAMX,3272,0
162,CAMX,2998,0
55518,CAMX,4075232,1745808.351
57977,CAMX,35660,13178.050999999999
50495,CAMX,23323,12391.022000000001
56075,CAMX,237719,0
58223,CAMX,5265.54,2450.8150000000001
59268,CAMX,3518,0
58300,CAMX,762,0
58452,CAMX,2924,0
64624,CAMX,285122,0
246,CAMX,425970,217746.08
50049,CAMX,119959,1591.866
57523,CAMX,31300,0
60960,CAMX,142430.00099999999,46699.650999999998
65091,CAMX,9021,0
66035,CAMX,4955,0
66039,CAMX,4198,0
58028,CAMX,2490,0
63414,CAMX,7479,0
61692,AZNM,3708,0
63603,CAMX,25303,0
57490,CAMX,277188,0
57491,CAMX,388297,0
59657,AZNM,38305,0
58062,AZNM,32879,0
56917,CAMX,346390,0
50129,CAMX,5909.0010000000002,0
55541,CAMX,26248.998,17082.748
57860,CAMX,860,0
58609,CAMX,4210,0
58086,CAMX,1418,0
58954,CAMX,1709,0
61152,CAMX,8681,0
60224,CAMX,7279,0
58513,CAMX,8239,0
58056,CAMX,2757,0
10139,CAMX,1492,0
58307,CAMX,5136,0
57074,CAMX,228928,26225.7
57073,CAMX,183799,20810
57075,CAMX,169971,8772.6
58216,CAMX,8892.9599999999991,0
63711,CAMX,8815,0
60947,CAMX,43190,0
249,CAMX,390129,0
65965,CAMX,28632,0
431,CAMX,670971,0
57475,AZNM,381186,16924.675999999999
534,CAMX,29068,0
442,CAMX,111388,0
58301,CAMX,5613,0
63712,CAMX,14380,0
63716,CAMX,5286,0
66142,CAMX,16351,0
66146,CAMX,33073,0
66148,CAMX,17655,0
62699,CAMX,10438,0
58128,CAMX,5343,0
62698,CAMX,16354,0
62701,CAMX,37353,0
58132,CAMX,2628,0
62700,CAMX,7599,0
10718,CAMX,29219,0
336,CAMX,693,0
10042,CAMX,21025.26,20510.055
59280,CAMX,3827,0
418,CAMX,64970,0
50494,CAMX,21964,13697.468000000001
58100,CAMX,35031,27953.668000000001
340,CAMX,166997,0
339,CAMX,184529,0
10496,CAMX,195429,66184.87
52107,CAMX,236287,68744.415999999997
63875,CAMX,619,0
443,CAMX,336162.99900000001,0
59098,CAMX,1568,0
59099,CAMX,1650,0
59633,CAMX,37659,0
58510,CAMX,2700,0
65199,CAMX,34355,0
55766,CAMX,66639,0
61628,CAMX,6743,0
55811,CAMX,12198,7416.7860000000001
10294,CAMX,56381,26279.774000000001
59868,CAMX,56170,0
60091,CAMX,55582,0
254,CAMX,206654,0
65033,CAMX,561.00099999999998,0
10405,CAMX,4576,2727.5650000000001
58304,CAMX,2790,0
57009,CAMX,1049,0
63758,CAMX,1621,0
56295,CAMX,145053,0
10720,CAMX,8762.18,4697.1899999999996
57836,CAMX,2687,0
440,CAMX,8213,0
58118,CAMX,80,0
55151,CAMX,2285796,1038455.385
63527,CAMX,2730,0
63623,CAMX,2396,0
58960,CAMX,14190,764.34699999999998
7987,CAMX,9571,5941.5429999999997
66242,CAMX,1958,0
64676,CAMX,13109,0
6644,CAMX,3768,0
7489,CAMX,11060,0
55626,CAMX,14257.002,9179.0419999999995
62056,CAMX,8470,0
58634,CAMX,957,0
58750,CAMX,9385,0
59262,CAMX,7925,0
59167,CAMX,1650,0
59169,CAMX,2619,0
59739,CAMX,5045,0
65464,CAMX,9175,0
55542,CAMX,38726,24384.821
64264,CAMX,6653,0
58963,CAMX,1562,0
61792,CAMX,1782,0
60142,CAMX,232,0
62274,CAMX,2335,0
66145,CAMX,9932,0
59279,CAMX,7966,0
58302,CAMX,7575,0
57988,CAMX,28843.998,2E-3
65382,CAMX,6431,0
60060,CAMX,4641,0
60984,CAMX,3464,0
58308,CAMX,5333,0
62463,CAMX,27048,0
62464,CAMX,60331,0
62465,CAMX,112518,0
59870,CAMX,70527,0
60026,CAMX,8264,0
54768,CAMX,28401,12528.299000000001
66699,CAMX,97343,0
10444,CAMX,100820,0
7451,CAMX,546,571.58699999999999
57978,CAMX,1112510,469564.288
10206,CAMX,46005,16316.148999999999
58417,CAMX,23773,0
59237,CAMX,49828,0
341,CAMX,10112,10258.93
60485,CAMX,25102,0
432,CAMX,126372,0
57314,CAMX,2259,0
54451,CAMX,384088,118114.755
55748,CAMX,179539,97159.854000000007
55217,CAMX,3062096,1209641.476
10708,CAMX,5474,0
52077,CAMX,2623,1004.996
66733,CAMX,4425,0
58711,CAMX,77113,0
64909,CAMX,127211,0
342,CAMX,11343,0
58914,CAMX,41289.999000000003,12791.214
55161,CAMX,26372,0
55094,CAMX,35880,0
55160,CAMX,9741,0
54015,CAMX,39940,276.79599999999999
54567,CAMX,17944.999,0
58451,CAMX,4165,0
57308,CAMX,901,0
59409,CAMX,2454,0
61421,CAMX,2714,0
58522,CAMX,1126,0
56046,CAMX,1475713,672946.38199999998
56239,CAMX,9921,6639.1559999999999
56041,CAMX,315797,162317.27600000001
62688,CAMX,5297,0
10480,CAMX,57681,0
10481,CAMX,62321.000999999997,0
10479,CAMX,104045.001,0
344,CAMX,449030,0
61115,CAMX,444,0
57484,CAMX,468485,0
10342,CAMX,624226,219641.72099999999
57005,CAMX,891,0
59607,CAMX,40581,0
61013,CAMX,19949,0
10748,CAMX,34022,0
64837,CAMX,1846,0
57483,CAMX,87728,52503.447999999997
57267,CAMX,189674,130709.664
54912,CAMX,731479,262388.50599999999
52063,CAMX,15612,0
64104,CAMX,275883,0
64105,CAMX,278926,0
64106,CAMX,365394,0
62178,CAMX,296850,0
59802,CAMX,6557,0
535,CAMX,2524,1801.027
151,CAMX,1254,2033.519
58462,CAMX,608862,0
56471,CAMX,11351.001,7186.2809999999999
52076,CAMX,58510,39389.925999999999
50612,CAMX,36889,16064.856
410,CAMX,44028,0
63361,CAMX,2041,0
61420,CAMX,7250,0
258,CAMX,11694,0
59265,CAMX,4062,0
57982,CAMX,1418,0
55393,CAMX,2338618,1024183.726
57313,CAMX,479,0
62459,CAMX,14679,0
425,CAMX,563741,0
401,CAMX,98886,0
56639,CAMX,20267.002,13520.674999999999
60336,AZNM,123238,0
60237,AZNM,67849,0
60315,AZNM,48889,0
52169,CAMX,160740.99900000001,47813.67
7147,CAMX,10548.999,0
58698,CAMX,2672,0
56473,CAMX,11172,7059.0649999999996
56232,CAMX,22965,14084.656999999999
62697,CAMX,38155,0
59267,CAMX,4136,0
59411,CAMX,2581,0
381,CAMX,304671,0
50821,CAMX,53936,0
52142,CAMX,83205,0
7072,CAMX,69573,0
57331,CAMX,612402,0
54951,CAMX,7838.0010000000002,514.94799999999998
58633,CAMX,1117,0
57701,CAMX,196635,0
55009,CAMX,8431,0
7646,CAMX,32377.001,0
63514,CAMX,2722,0
60007,CAMX,29528,0
59942,CAMX,688,0
260,CAMX,5444252,2232029.142
61353,CAMX,297717,0
61202,CAMX,639582,0
55719,CAMX,266539,0
56112,CAMX,68739,0
57459,CAMX,175096,0
358,CAMX,2552464.79,1163167.871
54626,CAMX,212068,1531.172
10458,CAMX,82826,0
50674,CAMX,5651,3319.1819999999998
60412,CAMX,8485,0
261,CAMX,17758,0
57833,CAMX,248109,0
62015,CAMX,381404,0
7449,CAMX,6615,3433.4319999999998
60516,CAMX,6126,0
50352,CAMX,18601,0
455,CAMX,276742,0
262,CAMX,73450,0
61894,CAMX,4770.9989999999998,0
58610,CAMX,4224,0
57764,CAMX,23304,0
50963,CAMX,17859.52,6862.5839999999998
50223,CAMX,2582,0
50755,CAMX,10821,0
6158,CAMX,467451,0
10427,CAMX,246430,167006.236
58226,CAMX,1294,0
632,CAMX,17253,0
60981,CAMX,47653,0
65652,CAMX,7896,0
63363,CAMX,1717,0
58034,CAMX,2817,0
59600,CAMX,43830,0
56569,AZNM,88422.998000000007,50961.815999999999
444,CAMX,69866,0
59652,CAMX,1320,0
58748,CAMX,1623,0
56832,AZNM,28203,0
63651,CAMX,7450,0
59962,CAMX,28872,0
57743,CAMX,4742,0
57722,CAMX,7918,0
59879,CAMX,339753,0
58154,CAMX,386646,0
58713,CAMX,135878,0
58448,CAMX,2117,0
65229,CAMX,3063,0
50850,CAMX,10654,4066.75
50754,CAMX,37803.999000000003,0
58376,CAMX,2387,0
63941,CAMX,45402,0
56302,CAMX,205390,0
65735,CAMX,168612,0
65734,CAMX,177895,0
57311,CAMX,1563,0
57514,CAMX,563157,0
65820,CAMX,12021,0
6013,CAMX,0,0
10884,CAMX,14479.72,4530.527
50180,CAMX,18448,0
58581,CAMX,1234,0
58582,CAMX,1714,0
58607,CAMX,993,323.93099999999998
61419,CAMX,5373,0
65614,CAMX,4582,0
56914,CAMX,18135,11503.498
58718,CAMX,28907,0
58721,CAMX,18267,0
50766,AZNM,101667,0
54724,AZNM,95037,0
10763,AZNM,68515,0
350,CAMX,256738,180731.62899999999
59915,CAMX,25329,0
54477,CAMX,234.99700000000001,81.114999999999995
55345,CAMX,2179145,923996.35400000005
58612,CAMX,3524,0
60953,CAMX,2312,0
426,CAMX,13801,0
50464,CAMX,484219,184355.25099999999
57585,CAMX,203885,66679.395999999993
50224,CAMX,5832.9989999999998,337.90600000000001
59456,CAMX,32718,12609.343000000001
50849,CAMX,168185,55803.482000000004
62611,CAMX,2039,0
65707,CAMX,4111,0
65706,CAMX,352,0
66188,CAMX,2093,0
66189,CAMX,292,0
63493,CAMX,5160,0
60790,CAMX,4682,0
61989,CAMX,1445,0
57757,CAMX,263952,0
50560,CAMX,132757,4.2999999999999997E-2
50533,CAMX,177258,0
57773,CAMX,2004,0
55985,CAMX,1279412,537384.77500000002
56803,CAMX,654274,358392.94799999997
57340,CAMX,315939,0
376,CAMX,181616,0
59539,CAMX,2407,0
428,CAMX,3526,0
447,AZNM,392219,0
58198,CAMX,68500,23214.789000000001
55656,CAMX,4337317,1982465.8149999999
6704,CAMX,29287.008000000002,25538.002
481,CAMX,5188,0
63376,CAMX,2514,0
50388,CAMX,3369,0
50119,CAMX,368757.99900000001,116501.986
264,CAMX,6673,0
58248,CAMX,2743,0
388,AZNM,14173,0
7907,CAMX,782055,0
57306,CAMX,6873,0
56433,CAMX,61007,0
57834,CAMX,248319,0
57837,CAMX,188896,0
57555,CAMX,100070.001,58280.877
265,CAMX,195269,0
266,CAMX,345447.99900000001,0
267,CAMX,404188,0
268,CAMX,700112.99899999995,0
269,CAMX,256093,0
270,CAMX,274702,0
59803,CAMX,7076,0
50696,CAMX,39273,4764.9009999999998
52099,CAMX,58988,7231.9759999999997
402,CAMX,9202,0
272,CAMX,648672,0
63482,CAMX,215351,0
10709,CAMX,3034,0
353,CAMX,35702,0
61319,CAMX,1613,0
354,CAMX,21161,0
60310,CAMX,38631,0
60311,CAMX,17097,0
59219,CAMX,3222,0
58309,CAMX,6014.0010000000002,0
59952,CAMX,58713,1E-3
57696,CAMX,20419,0
58611,CAMX,3932,0
64846,CAMX,2888,0
62578,CAMX,3159,0
7551,CAMX,627825,256090.766
64600,CAMX,2686,0
10472,CAMX,164119,0
59322,CAMX,43754,0
59457,CAMX,10082,3203.297
59339,CAMX,213547,0
382,CAMX,473895,0
60426,CAMX,8219,0
58984,CAMX,29892,0
59976,CAMX,270521,0
59977,CAMX,204106,0
60389,CAMX,169495,0
57783,CAMX,10832,0
57784,CAMX,10707,0
57785,CAMX,11095,0
58983,CAMX,117637,0
58502,CAMX,21896,0
58990,CAMX,34227,0
57777,CAMX,6183,0
57779,CAMX,6223,0
57781,CAMX,6185,0
60233,CAMX,392759,0
60386,CAMX,47916,0
61446,CAMX,88962,0
61447,CAMX,46323,0
61448,CAMX,44344,0
61449,CAMX,44248,0
57778,CAMX,11262,0
57780,CAMX,11262,0
57782,CAMX,11264,0
58985,CAMX,38737,0
58148,CAMX,51096,0
58991,CAMX,40632,0
57816,CAMX,11577,0
57817,CAMX,11497,0
57818,CAMX,11568,0
57819,CAMX,11502,0
57820,CAMX,11441,0
57821,CAMX,11415,0
59150,CAMX,162392,0
58986,CAMX,34694,0
58500,CAMX,9547,0
58498,CAMX,49075,0
58499,CAMX,38038,0
59939,CAMX,459253,0
58202,CAMX,39532,0
63455,CAMX,1918,0
61824,CAMX,4159,0
64630,CAMX,249212,0
58354,CAMX,3207,0
58355,CAMX,495,0
427,CAMX,459900,0
58909,CAMX,3584,0
58911,CAMX,8903,0
60995,CAMX,2715,0
65384,CAMX,2162,0
59540,CAMX,2476,0
63387,CAMX,171079,0
60226,CAMX,13262,0
62458,CAMX,7813,0
56184,CAMX,11900,7110.3680000000004
484,CAMX,23123,0
58831,CAMX,28029,0
7307,CAMX,363815,184418.95800000001
66458,CAMX,9052,0
60490,CAMX,41957,0
64766,CAMX,338,0
63074,CAMX,3956,0
56134,CAMX,4087.5790000000002,267.94200000000001
57650,CAMX,144518,0
62545,CAMX,2858,0
64489,CAMX,98700,0
66620,CAMX,52741,0
52109,CAMX,912307,274276.52899999998
54931,CAMX,119524,0
10597,CAMX,31064,0
10767,CAMX,145082,7002.1549999999997
50037,CAMX,30692,0
10772,CAMX,146628,3327.11
59249,CAMX,46519,0
59250,CAMX,48045,0
482,CAMX,1429,0
56135,CAMX,9709,7979.8209999999999
57621,CAMX,213376,0
59235,CAMX,47713,0
59236,CAMX,261726,0
56143,CAMX,52644,33799.743000000002
59877,CAMX,9448,0
55963,CAMX,27865.999,17628.531999999999
10881,CAMX,6523,0
433,CAMX,69067,0
57579,CAMX,1703,0
275,CAMX,478926,0
50892,CAMX,605,0
7824,AZNM,3907,3804.6860000000001
58751,CAMX,3458,0
58752,CAMX,3513,0
58297,CAMX,8928,0
58296,CAMX,7388,0
58298,CAMX,5506,0
34,CAMX,73093,0
56298,CAMX,343566,169478.04199999999
7452,CAMX,3992,4397.424
59410,CAMX,2576,0
357,CAMX,40402,0
56467,CAMX,1788403,789981.76800000004
58449,CAMX,2622,0
64027,CAMX,9453,0
59074,CAMX,108.008,128.792
65196,CAMX,7024,0
63021,CAMX,2031,0
63068,CAMX,3799,0
61006,CAMX,11789,0
59359,CAMX,3286,0
59360,CAMX,2376,0
59423,CAMX,3790,0
59422,CAMX,3492,0
59421,CAMX,3382,0
63715,CAMX,10948,0
59138,CAMX,1477,0
59139,CAMX,45,0
64290,CAMX,575343,0
10446,CAMX,109177,0
58073,CAMX,2973,0
59730,CAMX,5096,0
58074,CAMX,4440,0
58234,CAMX,32789,0
66807,CAMX,107,0
60745,AZNM,5309,0
60744,AZNM,6994,0
59740,CAMX,51147,0
59273,CAMX,24279,0
64611,CAMX,14465,0
58227,CAMX,24447,0
57971,CAMX,235,0
62649,CAMX,10028,0
56080,CAMX,71576,15177.657999999999
57671,CAMX,4091,0
57669,CAMX,24161,0
57753,CAMX,4194,0
57670,CAMX,1310,0
59658,CAMX,141622,152.04300000000001
50537,CAMX,27275,9460.8559999999998
65002,CAMX,4842,0
59323,CAMX,2083,0
58636,CAMX,1128,0
531,CAMX,22655,0
64994,CAMX,2196,0
61209,CAMX,7383,0
54800,CAMX,29489,8904.5259999999998
50865,CAMX,203562,80037
50552,CAMX,6651,0
279,CAMX,200847,0
10879,AZNM,98488,4372.8919999999998
10759,AZNM,336510,14941.041999999999
54996,AZNM,319695,14194.454
10878,AZNM,75893,3369.663
55983,AZNM,302798,13444.246999999999
50234,CAMX,10742.001,7004.2359999999999
57904,CAMX,1575,0
64028,CAMX,4835,0
64049,CAMX,2810,0
66143,CAMX,6491,0
50061,CAMX,58084,21055.069
6646,CAMX,24619,0
50233,CAMX,2938,0
403,CAMX,17740,0
6479,CAMX,220191.99900000001,0
6480,CAMX,69036.001000000004,0
54017,CAMX,5625,0
50281,CAMX,61820,0
50690,CAMX,112404,0
54454,CAMX,204344,0
276,CAMX,328,0
60678,CAMX,37171,0
10548,CAMX,26230,11277.686
66472,CAMX,26534,15836.072
62004,CAMX,236082,0
50400,CAMX,124283,0
57361,CAMX,33416,0
361,CAMX,14,0
363,CAMX,424,0
7232,CAMX,15274,8388.9210000000003
57876,CAMX,9971,0
58913,CAMX,2143,0
58912,CAMX,2203,0
60385,CAMX,11100,0
58625,CAMX,13069,0
62039,CAMX,1826,0
404,CAMX,1357901,627403.32400000002
839,CAMX,5002,0
61843,CAMX,1858,0
65469,CAMX,5652,0
54111,AZNM,326579.00099999999,0
57482,CAMX,554364,315116.08399999997
59722,AZNM,47861,0
59723,AZNM,83039,0
59408,CAMX,48212,0
445,CAMX,1739856.9979999999,0
58814,CAMX,5733,0
65970,CAMX,1846,0
62806,CAMX,3383,0
56362,CAMX,418310,0
57586,CAMX,275625,0
57725,CAMX,294363,0
56874,CAMX,431672,0
58585,CAMX,9319,2758.34
50110,CAMX,94493,0
65510,CAMX,4895,0
63416,CAMX,16584,0
10144,CAMX,87871,0
50112,CAMX,171460,0
54517,CAMX,33981,2.9980000000000002
59431,CAMX,33921,0
57702,CAMX,35187,34790.099000000002
60249,CAMX,4725,75.75
63762,CAMX,869.00099999999998,0
57364,AZNM,12793,0
50322,CAMX,6277,0
50536,CAMX,201643,0
63727,CAMX,727341,0
776,CAMX,41105,0
61834,CAMX,3313,0
58621,AZNM,46213,0
50985,CAMX,7566,3022.5259999999998
7526,CAMX,518275,0
63848,CAMX,29421,0
60558,CAMX,40522,0
56939,CAMX,40522,0
57455,CAMX,64610,0
58592,CAMX,376548.99900000001,0
59528,CAMX,51312,0
57219,CAMX,255,0
57220,CAMX,74,0
57221,CAMX,125,0
57222,CAMX,-2,0
57225,CAMX,175,0
57237,CAMX,8,0
57245,CAMX,1317.9960000000001,0
57246,CAMX,41,0
57247,CAMX,220.99700000000001,0
57534,CAMX,285.99900000000002,0
57535,CAMX,328,0
57441,CAMX,6908,0
57900,CAMX,682,0
58388,CAMX,844420.99899999995,0
58389,CAMX,653574.99899999995,0
57933,CAMX,3496,0
60591,CAMX,146803,0
60869,CAMX,24396,0
62732,CAMX,2120,0
60185,CAMX,193487,0
510,CAMX,431536,19160.214
55752,CAMX,8117,1E-3
55753,CAMX,6635,1E-3
58578,CAMX,2734,0
63761,CAMX,4313,0
280,CAMX,17860,0
50752,CAMX,427380,145132.26500000001
50751,CAMX,90850,29012.034
50837,CAMX,120708,83842.346999999994
281,CAMX,36563,0
282,CAMX,2247,0
283,CAMX,18333,0
54554,CAMX,29771,0
57916,AZNM,15827.49,5164.5110000000004
450,CAMX,204328,0
284,CAMX,31061,0
60491,CAMX,233926,0
59532,CAMX,291556,0
59840,CAMX,404165,0
56144,CAMX,11083,664.74800000000005
56125,CAMX,363,0
61791,CAMX,1601,0
62020,CAMX,6149,0
285,CAMX,334487,0
60698,CAMX,2704,1799.078
57683,CAMX,1525,0
59804,CAMX,4212,0
58646,CAMX,618539.00100000005,0
61607,CAMX,700,0
64141,CAMX,634,0
7151,CAMX,13472,0
60219,CAMX,1565,0
62113,CAMX,20420,0
57497,CAMX,24471,0
58757,CAMX,11071,0
58753,CAMX,3364,0
58754,CAMX,3235,0
58755,CAMX,1810,0
58756,CAMX,1987,0
60280,CAMX,40865,0
64326,CAMX,180016,0
57360,CAMX,34335,0
59687,CAMX,3698,0
60791,CAMX,7657,0
60032,CAMX,906,0
59916,CAMX,1111,0
57010,CAMX,747,0
57007,CAMX,1252,0
57008,CAMX,1475,0
57004,CAMX,1259,0
57012,CAMX,969,0
67001,CAMX,847,0
57557,CAMX,9664,2155.261
10437,CAMX,56727,0
10438,CAMX,32578,0
55182,CAMX,2838000,1193052.2579999999
57559,CAMX,6028,0
58429,CAMX,112849,0
50134,CAMX,574366,200964.38399999999
10387,CAMX,23194.999,0
59443,CAMX,53372,0
58149,CAMX,45363,0
56051,CAMX,286021,182342.489
63717,CAMX,8289,0
54647,CAMX,38666,0
52085,CAMX,63142.22,19146.185000000001
58232,CAMX,1596,0
63094,CAMX,8298,0
62246,CAMX,3222,0
59330,CAMX,3985,0
66459,CAMX,6452,0
58303,CAMX,7575,0
10191,CAMX,12609,0
54909,CAMX,42104,0
57594,CAMX,1611,0
479,CAMX,7087,0
57656,CAMX,1954,0
60035,CAMX,13186,0
54343,CAMX,61263,0
59541,CAMX,1554,0
56570,CAMX,4838,0
438,CAMX,294269,0
7129,CAMX,16452,0
54308,CAMX,2687,0
287,CAMX,245987,0
63932,CAMX,157446,0
714,CAMX,2519,0
57695,CAMX,1036774.001,0
50624,CAMX,80623,25445.653999999999
10091,CAMX,168801,18020.498
54327,CAMX,4866,0
64005,CAMX,5066,0
63638,CAMX,15946,0
55933,CAMX,815789,420262.22200000001
64376,CAMX,3096,0
58619,CAMX,525,172.46100000000001
451,CAMX,201667,0
64914,CAMX,4908,0
59599,CAMX,29962,0
58642,CAMX,636,0
61846,CAMX,12451,0
57913,CAMX,413516,0
416,CAMX,124850,0
161,CAMX,5676.9989999999998,0
59872,CAMX,23402,0
61995,CAMX,8529,0
62016,CAMX,6954,0
57122,CAMX,86393,27877.892
52073,CAMX,245061,75959.414999999994
50115,CAMX,318746,100804.973
60846,CAMX,2187,0
60086,CAMX,6950,0
61682,AZNM,2722,0
61683,AZNM,1628,0
61250,CAMX,10809,0
6612,CAMX,168188,0
57856,CAMX,3508,0
57584,CAMX,220745,78634.61
50064,CAMX,35913,12108.424999999999
65191,CAMX,6191,0
65132,CAMX,6233,0
489,CAMX,11519,0
407,CAMX,112194,0
58249,CAMX,4709,0
57041,CAMX,3714,0
63928,CAMX,3019,0
61418,AZNM,4321,0
64267,AZNM,7074,0
64441,AZNM,8259,0
62288,CAMX,246187,0
55851,CAMX,230147.997,69973.775999999998
63285,CAMX,236682,130523.29
64438,CAMX,3353,0
60509,CAMX,3522,0
58906,CAMX,3947,0
58907,CAMX,6809,0
408,CAMX,1509011,629011.027
60824,CAMX,1533,0
65169,CAMX,3885,0
61463,CAMX,38894,0
57700,CAMX,215994,0
59555,CAMX,47742,0
58289,CAMX,3378,0
58290,CAMX,3370,0
65770,CAMX,6200,0
59261,CAMX,5812,0
60918,CAMX,360,0
62418,CAMX,5324,0
62419,CAMX,5275,0
58418,CAMX,8810,0
58419,CAMX,9430,0
59269,CAMX,2117,0
59270,CAMX,1996,0
59271,CAMX,3673,0
59272,CAMX,3621,0
50532,CAMX,25321,0
58450,CAMX,3057,0
58509,CAMX,3870,0
290,CAMX,1800,0
180,CAMX,3129,0
60594,CAMX,324280,0
61582,CAMX,427092,0
61583,CAMX,116627,0
61584,CAMX,70165,0
66806,CAMX,3352,0
50210,AZNM,259350,11515.163
6196,CAMX,216892,0
59458,CAMX,32576,11199.960999999999
56036,CAMX,25533.999,84.411000000000001
50293,CAMX,74443,810.43399999999997
58233,CAMX,13666,0
57006,CAMX,775,0
4256,CAMX,0,498.06400000000002
57515,CAMX,371360,205264.28599999999
56078,CAMX,1566082,778906.36100000003
63510,CAMX,1824,0
59299,CAMX,5920,0
57715,CAMX,4661,3453.6039999999998
50216,CAMX,2329966,763702.52899999998
58454,CAMX,3264,0
54447,CAMX,20741,7590.7120000000004
58206,CAMX,20244,0
291,CAMX,81873,0
58244,CAMX,1388,0
65189,CAMX,1783,0
65190,CAMX,1711,0
59961,CAMX,49331,0
58626,CAMX,44514,0
58627,CAMX,22238,0
54410,CAMX,36629,15874.652
58616,CAMX,37796,0
61249,CAMX,4938,0
60914,CAMX,5247,0
61593,CAMX,2993,0
61348,CAMX,3120,0
61349,CAMX,3638,0
61594,CAMX,4454,0
60275,CAMX,4647,0
57499,CAMX,18529,0
60255,CAMX,4970,0
50881,CAMX,288165,0
66713,CAMX,2378,0
7189,CAMX,23505,0
58373,CAMX,45334,0
58973,CAMX,49267,0
435,CAMX,838670.99899999995,0
60193,CAMX,5584,0
56012,CAMX,171911,0
10162,CAMX,3037,0
60975,CAMX,49674,0
62988,CAMX,29122,0
59380,CAMX,44712,0
59253,CAMX,36563,0
60324,CAMX,237546,0
55557,CAMX,189974,0
59878,CAMX,44555,0
62902,CAMX,2529,0
57774,CAMX,192470,0
292,CAMX,64627,0
61750,CAMX,273130,0
63487,AZNM,29670,0
55855,CAMX,7956,5302.6750000000002
66331,CAMX,10079,0
65277,CAMX,3809,0
66332,CAMX,2902,0
65278,CAMX,48335,0
65783,CAMX,5357,0
64221,CAMX,11944,0
64055,CAMX,9378,0
64220,CAMX,11819,0
10836,CAMX,172184,1113.6869999999999
7266,CAMX,305777,138337.49600000001
419,CAMX,231554,0
59008,CAMX,30958,0
59525,CAMX,462695,0
62286,CAMX,2741,0
58299,CAMX,6537,0
59805,CAMX,4143,0
57422,CAMX,534,0
6647,CAMX,3868,0
52186,CAMX,19017,8670.3089999999993
55813,CAMX,49324,30891.148000000001
10349,CAMX,15369,20928.258000000002
56276,CAMX,1115,0
60220,CAMX,2285,0
63347,RFCE,49411.6,29407.026000000002
63917,RFCE,5482,0
57788,RFCE,30639.7,0
63428,RFCE,2107,0
62374,RFCE,8472,0
62710,RFCE,1679,0
66698,RFCE,3226,0
64379,RFCE,2245,0
63478,RFCE,8957.2000000000007,4333.6629999999996
65958,RFCE,242,0
65176,RFCE,1141,0
59012,RFCE,58266.999000000003,126.083
63700,RFCE,9317,0
56430,RFCE,23456,0
56429,RFCE,29627,0
65791,RFCE,2746,0
58110,RFCE,18487,0
58473,RFCE,7018,0
591,RFCE,219,893.2
59783,RFCE,13217.259,0
59715,RFCE,633,0
63392,RFCE,5772,0
61800,RFCE,1898,0
592,RFCE,0,0
52193,RFCE,1248944,54635.652000000002
57337,RFCE,16370,0
65304,RFCE,92989,0
593,RFCE,227011.75599999999,179229.62
10030,RFCE,89817,37325.427000000003
57349,RFCE,816555,355078.90100000001
7153,RFCE,1957084,1006360.152
594,RFCE,0,31534.173999999999
57330,RFCE,1219,0
58228,RFCE,18252,0
61206,RFCE,1796,0
57772,RFCE,1795,0
58433,RFCE,180293,0
59922,RFCE,2644,0
57176,RFCE,4165,0
7318,RFCE,630,623.82100000000003
61934,RFCE,2117,0
7962,RFCE,17542,12161.786
597,RFCE,0,0
59843,SRVC,1859,0
754,SRVC,378919,0
6132,SRVC,330631,0
59874,SRVC,33628,0
736,SRVC,78866,0
56383,RFCW,129080,0
64328,RFCW,3938,0
58136,RFCW,38443,12244.289000000001
65758,RFCW,1057,0
65005,RFCW,3035,0
64088,RFCW,358911,0
64610,RFCW,3174,0
66022,RFCW,361,0
64040,RFCW,3501,0
60742,RFCW,47616,29126.006000000001
55279,RFCW,415314.99800000002,239800.22500000001
56419,RFCW,3207,1E-3
57135,RFCW,674716,0
57463,RFCW,564142,0
57113,RFCW,455222,0
57110,RFCW,225915,0
63988,RFCW,866645,0
6022,RFCW,20113596,0
57623,RFCW,681924,0
6023,RFCW,19465588,0
63823,RFCW,3500,0
63824,RFCW,4162,0
63948,RFCW,3087,0
50573,RFCW,14667,0
63931,RFCW,3447283,1482557.0490000001
64467,RFCW,3622,0
54790,RFCW,22885,18588.276999999998
55296,RFCW,2151.998,2629.8580000000002
56640,RFCW,363528,0
65671,RFCW,7898,0
64331,RFCW,3573,0
54540,RFCW,8570.1,8872.5239999999994
63967,RFCW,2819,0
59794,RFCW,17255,5904.2190000000001
58887,RFCW,6488,0
63949,RFCW,3869,0
56297,RFCW,203815,0
55253,RFCW,54112,44200.697999999997
54969,RFCW,11363,0
64734,RFCW,4312,0
869,RFCW,15269198,0
63889,RFCW,1536,0
63888,RFCW,2264,0
56805,RFCW,231827,0
55438,RFCW,212045,148123.38200000001
55199,RFCW,945799.00199999998,619216.21499999997
57191,RFCW,12586,0
50627,RFCW,179973.978,0
57325,RFCW,623324,0
64919,RFCW,1958,0
886,RFCW,0,2712.9
56450,RFCW,92470,0
64973,RFCW,5707,0
56462,RFCW,3655,1852.865
57912,RFCW,27800,0
56941,RFCW,426021,0
60471,RFCW,503781,0
55014,RFCW,26082,0
63069,RFCW,2874,0
63838,RFCW,13961,0
56338,RFCW,504202,0
61735,RFCW,547814,0
54523,RFCW,943.00199999999995,747.21600000000001
64329,RFCW,3318,0
64779,RFCW,3354,0
61192,RFCW,1611,0
64730,RFCW,2779,0
50722,RFCW,27646,12090.455
54556,RFCW,216153,0
60387,RFCW,330832.00400000002,167885.728
62926,RFCW,7096466,2800314.8790000002
384,RFCW,707790,450594.08199999999
874,RFCW,0,577.12099999999998
64868,RFCW,3612,0
60587,RFCW,592418,0
55131,RFCW,5864878,2637608.0690000001
876,RFCW,2229160,2598742.1669999999
63990,RFCW,4052,0
58177,RFCW,8825.0010000000002,365.95499999999998
55640,RFCW,208155,115987.128
6026,RFCW,19444476,0
64304,RFCW,4049,0
64302,RFCW,3918,0
64303,RFCW,3330,0
60797,RFCW,290,187.95599999999999
50575,RFCW,11766,0
55236,RFCW,66958,56501.915999999997
63951,RFCW,3868,0
55222,RFCW,11981,10222.056
63825,RFCW,2508,0
55054,RFCW,64032,1E-3
63251,RFCW,267165,0
64784,RFCW,3778,0
58181,RFCW,3263,2062.2429999999999
65013,RFCW,3713,0
63954,RFCW,2948,0
56160,RFCW,243065,0
65508,RFCW,4104,0
63003,RFCW,27641,0
57284,RFCW,580423,0
63073,RFCW,3480,0
55216,RFCW,536011,0
64905,RFCW,2143,0
58635,RFCW,37.24,24.838999999999999
50326,RFCW,16715,5427.2939999999999
55183,RFCW,2882286,1227808.79
58328,RFCW,35957,11920.091
960,RFCW,1530,838.548
58245,RFCW,3.92,0.876
64918,RFCW,1516,0
59847,RFCW,467,290.29199999999997
63991,RFCW,2936,0
66082,RFCW,4147,0
56614,RFCW,520235,0
64735,RFCW,1962,0
61344,RFCW,434749,0
63989,RFCW,3393,0
58898,RFCW,568025,0
64439,RFCW,2749,0
64414,RFCW,3963,0
879,RFCW,1337628,1859395.0379999999
54886,RFCW,13,14.637
64971,RFCW,3972,0
64972,RFCW,5230,0
56622,RFCW,148132,0
880,RFCW,15164974,0
59061,RFCW,1058352,0
63071,RFCW,1939,0
58377,RFCW,18681.999,0
64415,RFCW,3986,0
55238,RFCW,107086,66105.680999999997
55936,RFCW,46369,27357.49
58643,RFCW,3591,0
903,RFCW,5756,0
55109,RFCW,17822.998,13144.638999999999
64018,RFCW,3812,0
65414,RFCW,1686,0
65796,RFCW,460,0
65890,RFCW,450,0
64330,RFCW,3352,0
65799,RFCW,447,0
65800,RFCW,432,0
64967,RFCW,3906,0
64732,RFCW,6068,0
50563,RFCW,24873,0
66568,RFCW,84834,0
57964,RFCW,318802,0
64628,RFCW,982,0
64013,RFCW,3646,0
961,RFCW,666.99800000000005,491.51799999999997
63070,RFCW,2091,0
57094,RFCW,679095,0
64468,RFCW,4318,0
58375,RFCW,126.999,29.349
63620,RFCW,3152,0
63621,RFCW,4067,0
55250,RFCW,83434.998000000007,50651.91
54044,RFCW,107604.001,33686.997000000003
63992,RFCW,1914,0
58694,RFCW,747579,0
883,RFCW,0,1751.4
62606,RFCW,174425,0
972,RFCW,3824,3174.5189999999998
64736,RFCW,4157,0
54662,RFCW,15990,0
64785,RFCW,4297,0
64733,RFCW,3745,0
55392,RFCW,310517.00400000002,207819.07199999999
6137,RFCW,1783169,2167645.051
6705,RFCW,4138923,4472441.26
7336,RFCW,47628,36498.978000000003
64244,RFCW,16637,0
64248,RFCW,14988,0
64245,RFCW,6026,0
64249,RFCW,13376,0
10245,RFCW,820267,1450502.9709999999
67163,RFCW,16355,0
52130,RFCW,445184,0
65031,RFCW,251718,0
59172,RFCW,5064,0
56679,RFCW,327530,0
59774,RFCW,30169.998,0
63666,RFCW,366798,0
61303,RFCW,375199,0
57625,RFCW,6830,3719.3510000000001
65086,RFCW,12634,0
50316,RFCW,8620,2865.2260000000001
67060,RFCW,4328,0
992,RFCW,10559.42,1013.521
63324,RFCW,642,0
50935,RFCW,27341.179,18075.777999999998
1001,RFCW,4327440,4579260.6849999996
62794,RFCW,2039,0
983,RFCW,4967140,5797298.0650000004
62769,RFCW,7174,0
60435,RFCW,28968,0
62485,RFCW,8446,0
62793,RFCW,18056,0
1024,RFCW,0,0
62776,RFCW,3966,0
59988,RFCW,1651,0
59855,RFCW,3268,0
54956,RFCW,17446,0
59434,RFCW,4478,0
59432,RFCW,3387,0
59433,RFCW,3893,0
66643,RFCW,283923,0
57250,RFCW,25506,0
59018,RFCW,2915,0
1004,RFCW,3273390,2990177.0789999999
986,RFCW,11060,0
59985,RFCW,1601,0
54835,RFCW,6,7.2679999999999998
10475,RFCW,44470,0
1012,RFCW,1501220,1923790.889
59547,RFCW,387658,0
56777,RFCW,1183954.9990000001,0
65315,RFCW,3422,0
62767,RFCW,4066,0
7759,RFCW,239364,248976.94200000001
6113,RFCW,7970910,9041528.5309999995
60721,RFCW,12846,0
61053,RFCW,4749,0
59019,RFCW,3039,0
62592,RFCW,538622,0
58416,RFCW,622926,0
55066,RFCW,481609,0
54731,RFCW,14.000999999999999,25.969000000000001
7763,RFCW,243933,155917.859
59986,RFCW,1716,0
65494,RFCW,7118,4238.8639999999996
59260,RFCW,5840,4238.8649999999998
58795,RFCW,695,0
7948,RFCW,43174.002,28446.003000000001
56878,RFCW,207844,0
61267,RFCW,130,102.65
60253,RFCW,3726,0
61054,RFCW,14004,0
59483,RFCW,3940,0
59479,RFCW,1186,0
60251,RFCW,2824,0
66415,RFCW,207,0
66366,RFCW,663,0
59770,RFCW,3087,0
59481,RFCW,4194,0
59480,RFCW,847,0
59478,RFCW,770,0
66367,RFCW,986,0
59482,RFCW,5103,0
60252,RFCW,2734,0
66416,RFCW,4025,0
59424,RFCW,10843,0
59823,RFCW,3186,0
991,RFCW,5282044,2043489.274
990,RFCW,2899758.9989999998,1865493.79
994,RFCW,4658633.0010000002,5335171.3449999997
65702,RFCW,213315,0
64230,RFCW,814217,0
54995,RFCW,663048,1062571.361
10397,RFCW,229324,74290.554999999993
58615,RFCW,12223,0
59834,RFCW,1521,0
58552,RFCW,14892,0
58556,RFCW,14994,0
58553,RFCW,12892,0
59989,RFCW,1598,0
56464,RFCW,17016,1E-3
59990,RFCW,1792,0
63389,RFCW,1152079,0
60864,RFCW,6273,0
59984,RFCW,1573,0
55502,RFCW,8578210,3766926.9750000001
58703,RFCW,4017,0
56465,RFCW,26738,0
58496,RFCW,1692,0
65069,RFCW,10575,0
63861,RFCW,24365,0
58178,RFCW,25,0
59180,RFCW,2259,0
1005,RFCW,394661.00099999999,0
58770,RFCW,9591,0
60238,RFCW,8817,0
57112,RFCW,205121,0
57115,RFCW,234266,0
57177,RFCW,172814,0
57109,RFCW,399004,0
57628,RFCW,311947,0
61756,RFCW,607454,0
6213,RFCW,4284455,5075282.1440000003
997,RFCW,1427182,1608225.203
60047,RFCW,1460,0
55229,RFCW,149775,100945.4
59808,RFCW,3463,0
59981,RFCW,1268,0
59983,RFCW,1605,0
1007,RFCW,1272819,565360.65
998,RFCW,14231,0
62918,RFCW,5507,0
61333,RFCW,3368,0
56463,RFCW,21722,0
999,RFCW,19959,0
59854,RFCW,8021,0
63852,RFCW,19387.39,7058.4639999999999
63922,RFCW,20100,7357.7520000000004
63921,RFCW,34085,12971.87
63924,RFCW,16502.61,5830.5709999999999
60239,RFCW,8972,0
1037,RFCW,1,0.98
64246,RFCW,17811,0
64250,RFCW,5351,0
60046,RFCW,2069,0
55096,RFCW,232045,0
54926,RFCW,30542,0
64854,RFCW,389281,0
65400,RFCW,121022,82042.021999999997
50240,RFCW,143637.50200000001,0
6085,RFCW,1551105.024,1947620.7169999999
61799,RFCW,7444,0
7335,RFCW,13559,10282.379000000001
64247,RFCW,17524,0
64252,RFCW,3315,0
62770,RFCW,10641,0
62791,RFCW,12944,0
61729,RFCW,13272,0
64553,RFCW,401969,0
6166,RFCW,2493652,3388565.6609999998
58942,RFCW,3704,0
58953,RFCW,3266,0
62891,RFCW,287122,0
58063,RFCW,510249,333215.87199999997
50903,RFCW,16833.38,7096.8919999999998
59982,RFCW,1691,0
62766,RFCW,12347,0
63213,RFCW,1919,0
59987,RFCW,1493,0
57794,RFCW,4996115,1997907.71
63801,RFCW,32401,0
61885,RFCW,5404,0
55364,RFCW,2948492,1298346.098
60410,RFCW,5613,0
62790,RFCW,1565,0
63137,RFCW,2873,0
62305,RFCW,9044,0
63929,RFCW,93458,0
989,RFCW,18236,0
59861,RFCW,3832,0
54925,RFCW,6120.9939999999997,0
50733,RFCW,1217968,0
50366,RFCW,87246.195000000007,28763.788
58797,RFCW,793,0
58577,RFCW,9041,0
55111,RFCW,568920,435142.62
61334,RFCW,2207,0
57842,RFCW,426598,267618.065
65068,RFCW,1850,0
58796,RFCW,560,0
55224,RFCW,83325,70675.736999999994
1040,RFCW,17160.18,27186.064999999999
55259,RFCW,2825923,1205240.6939999999
57862,RFCW,649922,0
55148,RFCW,58907,39326.012999999999
59425,RFCW,53401.000999999997,0
65027,RFCW,2588,0
1353,RFCW,1172392,697438.37100000004
57399,RFCW,460634.00099999999,0
6018,RFCW,2215274,2727244.9019999998
61744,RFCW,1352,0
56872,RFCW,539328.99899999995,0
55198,RFCW,457178,312598.93099999998
64343,RFCE,1660,0
64502,RFCE,2446,0
10678,RFCE,658054,566874.65300000005
61282,RFCE,49701,27857.919000000002
62629,RFCE,4024,0
62628,RFCE,2958,0
58252,RFCE,1464,0
62876,RFCE,2481,0
54795,RFCE,49606.22,0
60681,RFCE,22823,0
62407,RFCE,1677,0
60662,RFCE,3380,0
60663,RFCE,3376,0
63072,RFCE,3778,0
59026,RFCE,983,0
61519,RFCW,12879,0
60664,RFCE,3083,0
60665,RFCE,3135,0
60666,RFCE,3090,0
60667,RFCE,2996,0
62074,RFCE,2819,0
67404,RFCW,98,0
6565,RFCE,0,151.87700000000001
62332,RFCE,12051,0
63323,RFCE,3826,0
63910,RFCE,159750,0
65281,RFCE,8981,0
61915,RFCE,362,0
602,RFCE,1035289,1351803.8559999999
54832,RFCE,650811,327846.01199999999
65945,RFCE,2226,116.889
64647,RFCE,3371,0
64606,RFCE,3560,0
60036,RFCE,2710,0
60029,RFCE,1526,0
59842,RFCE,5880,0
66536,RFCE,2444,0
66537,RFCE,2432,0
66538,RFCE,2243,0
66539,RFCE,2269,0
56846,RFCE,4162428,1766362.051
6011,RFCE,14983751,0
60353,RFCE,3345,0
58207,RFCE,97039.270999999993,62152.296000000002
1571,RFCE,690674.00199999998,515207.68300000002
60465,RFCE,2423,0
62720,RFCE,3961,0
59743,RFCE,1791,0
60737,RFCE,7622,0
65130,RFCE,3792,0
60668,RFCE,3406,0
1574,RFCE,1829380.9990000001,0
1563,RFCE,2153,1784.252
57300,RFCW,166976,0
1567,RFCE,19707,0
1572,RFCE,287763.99800000002,218294.28
10693,RFCE,2876.8,92.94
56571,RFCE,25093,2E-3
1580,RFCE,0,372.78899999999999
4257,RFCE,0,447.75799999999998
60089,RFCE,1459,0
60849,RFCE,2825,0
67297,RFCE,1444,0
59147,RFCW,86154,0
66499,RFCE,2622,0
62043,RFCE,2848,0
61552,RFCW,20561,0
58904,RFCW,111412,0
63253,RFCW,1189,0
63496,RFCW,3563,0
66160,RFCE,3439,0
66162,RFCE,3481,0
61738,RFCE,2448,0
60847,RFCE,1689,0
61794,RFCE,9978,0
63089,RFCE,3674,0
59851,RFCE,138880,0
60708,RFCE,1996,0
1554,RFCE,68129,119310.202
58463,RFCE,7637,0
65324,RFCE,2302,0
66819,RFCE,656,0
64608,RFCE,3884,0
61465,RFCE,2538,0
61358,RFCE,2082,0
58015,RFCE,2273,0
58014,RFCE,5109,0
66655,RFCE,634,0
66652,RFCE,761,0
66653,RFCE,647,0
66654,RFCE,568,0
66656,RFCE,636,0
65984,RFCE,1058,0
65983,RFCE,1338,0
65982,RFCE,981,0
58243,RFCE,1455,0
58239,RFCE,1562,0
60302,RFCE,4202671,1822263.0530000001
64602,RFCE,2632,0
60735,RFCE,25547,0
65340,RFCE,4059,0
65339,RFCE,3977,0
64180,RFCE,3848,0
64689,RFCE,4394,0
60496,RFCE,2322,0
62910,RFCE,1686,0
64604,RFCE,2449,0
65610,RFCE,3671,0
65611,RFCE,1842,0
62323,RFCE,2155,0
64241,RFCE,2941,1469.7049999999999
58408,RFCW,32800,0
64645,RFCE,1972,0
57646,RFCE,2380,0
67397,RFCE,1271,0
58246,RFCE,22066,0
60820,RFCW,2346,0
50657,RFCE,283452,281058.87800000003
61608,RFCE,2771,0
1573,RFCE,0,517.1
57758,RFCW,17815,0
56668,RFCE,175490,0
62208,RFCE,6821,0
61890,RFCE,335.99,763.05799999999999
64790,RFCE,3025,0
65357,RFCE,3351,0
65358,RFCE,4172,0
63237,RFCE,3415,0
64642,RFCE,3102,0
64643,RFCE,3616,0
57879,RFCE,1512,0
1556,RFCE,246864.00200000001,168177.94899999999
61185,RFCE,1931,0
1557,RFCE,1807,2413.8719999999998
63903,RFCW,8051,0
64646,RFCE,3401,0
60447,RFCE,498,0
58631,RFCE,2622,0
66203,RFCE,34955,0
58241,RFCE,1683,0
7835,RFCE,213740,131559.965
65756,RFCE,1828,0
59811,RFCE,14569,0
57240,RFCW,23397,0
57239,RFCW,93587,0
65359,RFCW,3451,0
63654,RFCE,1934,0
6391,RFCE,79,71.863
65612,RFCE,2566,0
60669,RFCE,3405,0
62331,RFCE,3957,0
62912,RFCE,17183,0
63525,RFCW,2632,0
63526,RFCW,2828,0
63524,RFCW,2942,0
63523,RFCW,2994,0
62327,RFCE,8078,0
66770,RFCE,1324,0
67270,RFCE,2611,0
60461,RFCE,2624,0
63904,RFCE,3117,0
64690,RFCE,43525,0
60096,RFCE,1576,0
62405,RFCE,3459,0
56038,RFCE,75471,23012.476999999999
59749,RFCE,2437,0
58329,RFCE,5093,0
67145,RFCE,12274,0
63075,RFCE,2814,0
1564,RFCE,2904,12159.089
65960,RFCE,29,0
65961,RFCE,956,0
10629,RFCE,291267,135007.21299999999
63085,RFCE,3100,0
63289,RFCE,689,0
64644,RFCE,2740,0
56680,RFCE,15447.005999999999,633.60500000000002
59220,RFCE,4424853,1819271.2050000001
63512,RFCE,3542,0
60604,RFCE,18914,0
61391,RFCW,207891,102476.871
1753,RFCW,31392.995999999999,0
7821,RFCW,1072,0
7820,RFCW,99551,0
50251,RFCW,288836.15000000002,5060.7839999999997
1754,RFCW,15336,0
1776,RFCW,30237,0
1760,RFCW,3776,0
1821,RFCW,5359,0
1868,RFCW,2382,2191.3429999999998
6369,RFCW,592,695.68600000000004
6000,RFCW,18640118,0
1751,RFCW,233648.00700000001,0
64097,RFCW,26898,0
61392,RFCW,490463.00099999999,244494.446
62815,RFCW,193675,0
10656,RFCW,4961.0010000000002,0
65497,RFCW,1121,0
65498,RFCW,2678,0
1777,RFCW,9754,0
58103,RFCW,67026,0
1856,RFCW,2657,0
55460,RFCW,7416392,2890081.6069999998
1772,RFCW,125510,25616.374
1778,RFCW,25179.999,0
1750,RFCW,977,1014.0890000000001
1780,RFCW,32746,0
1761,RFCW,6098,0
1848,RFCW,27726.999,0
1781,RFCW,51404,0
64251,RFCW,9081,0
1865,RFCW,162729.00099999999,0
59574,RFCW,31622,0
1855,RFCW,208,145.001
59853,RFCW,6646,0
1785,RFCW,6045,0
1786,RFCW,29795,0
63444,SRVC,5076,0
63447,SRVC,8561,0
63445,SRVC,8297,0
62660,SRVC,8888,0
64478,SRVC,7466,0
63448,SRVC,8127,0
62661,SRVC,3520,0
64271,SRVC,4582,0
63446,SRVC,6722,0
61195,SRVC,3836,0
63296,SRVC,2272,0
65819,SRVC,3692,0
63979,SRVC,4418,0
59534,SRVC,8263,0
61525,SRVC,9069,0
63225,SRVC,2938,0
58344,SRVC,8887,0
63383,SRVC,7507,0
62621,SRVC,9703,0
64238,SRVC,7800,0
59795,SRVC,7438,0
60288,SRVC,3956,0
64169,SRVC,215845,0
56339,SRVC,33,36.993000000000002
56263,SRVC,59,120.452
58806,SRVC,9102,0
59901,SRVC,10786,0
62054,SRVC,8585,0
59516,SRVC,24480,0
58730,SRVC,5925,0
59115,SRVC,3944,0
59497,SRVC,9066,0
58731,SRVC,8738,0
58867,SRVC,7143,0
58701,SRVC,37759,0
57994,SRVC,35575,0
59474,SRVC,30265,0
58828,SRVC,9650,0
58492,SRVC,5683,0
64510,SRVC,3968,0
58801,SRVC,2875,0
62623,SRVC,9577,0
58315,SRVC,8990,0
66605,SRVC,7340,0
62136,SRVC,10131,0
2706,SRVC,3878967.997,1598661.7930000001
59566,SRVC,7169,0
59694,SRVC,9238,0
60982,SRVC,9298,0
62096,SRVC,4418,0
58732,SRVC,4882,0
60313,SRVC,9605,0
62340,SRVC,192141,0
63332,SRVC,8402,0
60634,SRVC,9621,0
54801,SRVC,4590,0
58792,SRVC,35405,0
59930,SRVC,8176,0
59706,SRVC,8752,0
60627,SRVC,10343,0
62603,SRVC,10269,0
59127,SRVC,10269,0
61527,SRVC,7782,0
59517,SRVC,8329,0
59828,SRVC,8821,0
60144,SRVC,5421,0
66700,SRVC,8555,0
61194,SRVC,9029,0
60782,SRVC,4900,0
60369,SRVC,7484,0
59038,SRVC,5352,0
60601,SRVC,10681,0
63976,SRVC,149976,0
61528,SRVC,9178,0
65502,SRVC,10424,0
61351,SRVC,3853,0
58955,SRVC,5762,0
59567,SRVC,9113,0
59488,SRVC,8411,0
59887,SRVC,27623,0
66602,SRVC,9422,0
59511,SRVC,5977,0
65503,SRVC,7306,0
8042,SRVC,8487941,6118977.46
58314,SRVC,6798,0
63836,SRVC,7911,0
59515,SRVC,7878,0
60881,SRVC,1736,0
64175,SRVC,8682,0
58843,SRVC,6462,0
59173,SRVC,7688,0
59039,SRVC,3135,0
64174,SRVC,4654,0
58667,SRVC,8746,0
60401,SRVC,9280,0
61158,SRVC,8549,0
61561,SRVC,103712,0
58868,SRVC,9053,0
62101,SRVC,8844,0
61283,SRVC,8920,0
2707,SRVC,116109,1176.8
58605,SRVC,9327,0
64192,SRVC,8766,0
61157,SRVC,8913,0
58349,SRVC,9200,0
61352,SRVC,9550,0
58807,SRVC,8756,0
59996,SRVC,28599,0
59154,SRVC,7749,0
60623,SRVC,100243,0
66710,SRVC,9033,0
2719,SRVC,40302,0
64910,SRVC,21233,0
62822,SRVC,99089,0
61218,SRVC,9859,0
64820,SRVC,3960,0
59762,SRVC,7692,0
6014,SRVC,15658076,0
2720,SRVC,3819419,1607244.5419999999
61693,SRVC,93724,0
58735,SRVC,5952,0
61512,SRVC,100912,0
60636,SRVC,9369,0
62240,SRVC,7923,0
1016,SRVC,19663.338,0
64002,SRVC,10885,0
2783,SRVC,0,146.75
60402,SRVC,9621,0
59451,SRVC,3177,0
59711,SRVC,7934,0
59439,SRVC,7623,0
57687,SRVC,1248,0
65107,SRVC,139514,0
62330,SRVC,9909,0
64535,SRVC,44368,0
59966,SRVC,20985,0
59499,SRVC,9005,0
50244,SRVC,108153,14540.227000000001
60882,SRVC,7536,0
59017,SRVC,7093,0
63016,SRVC,7464,0
62873,SRVC,4005,0
59156,SRVC,9103,0
60178,SRVC,8253,0
58849,SRVC,3741,0
56553,SRVC,1,12.331
60800,SRVC,3122,0
66055,SRVC,5455,0
2743,SRVC,9945,0
60135,SRVC,8315,0
58311,SRVC,8604,0
62601,SRVC,3725,0
64176,SRVC,6998,0
58722,SRVC,9418,0
59100,SRVC,9236,0
59508,SRVC,8759,0
56340,SRVC,11,32.338000000000001
61011,SRVC,140678,0
59899,SRVC,10071,0
58675,SRVC,7965,0
62693,SRVC,5762,0
62168,SRVC,7060,0
58674,SRVC,8962,0
65817,SRVC,6470,0
57029,SRVC,640854,392152.386
2721,SRVC,5244807,4068163.747
59929,SRVC,8100,0
59213,SRVC,9448,0
66711,SRVC,9751,0
59937,SRVC,9649,0
60146,SRVC,9668,0
67172,SRVC,18139,0
57896,SRVC,43537,0
59818,SRVC,2219,0
59944,SRVC,145736,0
60188,SRVC,8722,0
66712,SRVC,11481,0
62600,SRVC,9803,0
61882,SRVC,3357,0
60637,SRVC,40555,0
56546,SRVC,0,2.532
59663,SRVC,5853,0
60965,SRVC,9574,0
63293,SRVC,4509,0
61658,SRVC,637,0
60199,SRVC,3332,0
62167,SRVC,9641,0
2722,SRVC,136463,0
10525,SRVC,309663,4338.0450000000001
60635,SRVC,9141,0
59914,SRVC,8761,0
59548,SRVC,23670,0
59561,SRVC,9098,0
62678,SRVC,134912,0
65584,SRVC,3543,0
63346,SRVC,3460,0
60403,SRVC,8038,0
59117,SRVC,41250,0
57334,SRVC,1447,0
57336,SRVC,796,0
57335,SRVC,810,0
54887,SRVC,5,2.2709999999999999
2723,SRVC,3729478,1612624.345
59126,SRVC,8527,0
57436,SRVC,12290,0
61581,SRVC,9198,0
60179,SRVC,9422,0
61403,SRVC,9455,0
61088,SRVC,8670,0
58874,SRVC,8506,0
59968,SRVC,519101,0
58952,SRVC,8430,0
58346,SRVC,9240,0
58453,SRVC,5193,0
58844,SRVC,28505,0
50189,SRVC,344124.45,22211.463
59429,SRVC,8293,0
59102,SRVC,8985,0
56548,SRVC,5,40.912999999999997
59376,SRVC,3291,0
60599,SRVC,5475,0
58879,SRVC,7984,0
60131,SRVC,5552,0
66718,SRVC,4375,0
64363,SRVC,9580,0
63732,SRVC,5568,0
62996,SRVC,3047,0
63377,SRVC,8124,0
59956,SRVC,2555,0
59955,SRVC,3043,0
60161,SRVC,7001,0
63789,SRVC,7384,0
59189,SRVC,3765,0
59562,SRVC,8890,0
57606,SRVC,213,161.85599999999999
59778,SRVC,81156,0
61781,SRVC,9601,0
66371,SRVC,4121,0
59042,SRVC,3163,0
58725,SRVC,8884,0
59164,SRVC,77329,0
60136,SRVC,9377,0
62662,SRVC,5871,0
63733,SRVC,9884,0
58859,SRVC,7159,0
60997,SRVC,19322,0
59549,SRVC,7371,0
60400,SRVC,9271,0
59552,SRVC,3401,0
59551,SRVC,6404,0
59646,SRVC,8793,0
59406,SRVC,2933,0
59052,SRVC,6436,0
59333,SRVC,2400,0
54895,SRVC,124087,0
58318,SRVC,1453,0
62798,SRVC,224167,0
61089,SRVC,9190,0
59951,SRVC,35815,0
58726,SRVC,8737,0
59514,SRVC,8985,0
64527,SRVC,8984,0
58808,SRVC,8375,0
60370,SRVC,8377,0
62487,SRVC,7790,0
61031,SRVC,9339,0
60147,SRVC,9482,0
64050,SRVC,1284,0
60624,SRVC,88091,0
59563,SRVC,9056,0
2745,SRVC,4571,0
59579,SRVC,3791,0
58802,SRVC,2251,0
59708,SRVC,9021,0
59912,SRVC,6205,0
63693,SRVC,4328,0
59103,SRVC,9311,0
58331,SRVC,8553,0
2718,SRVC,80759,154136.07800000001
59426,SRVC,9112,0
55599,SRVC,16767,0
60633,SRVC,3911,0
61127,SRVC,6024,0
58866,SRVC,7218,0
59641,SRVC,8894,0
2756,SRVC,226842,0
61758,SRVC,20985.72,1E-3
57629,SRVC,43,42.137999999999998
59642,SRVC,9096,0
62669,SRVC,47785,0
56954,SRVC,0,100.202
60359,SRVC,8148,0
56262,SRVC,26.001000000000001,114.411
58673,SRVC,9001,0
60480,SRVC,2881,0
65505,SRVC,6654,0
65506,SRVC,10117,0
64385,SRVC,10727,0
58957,SRVC,8450,0
59518,SRVC,28026,0
56549,SRVC,0,36.993000000000002
58487,SRVC,4795,0
59148,SRVC,9329,0
64450,SRVC,10696,0
60181,SRVC,13225,0
63076,SRVC,141008,0
2709,SRVC,6465378,2773017.8450000002
60121,SRVC,3365,0
62539,SRVC,2624,0
63566,SRVC,18354,0
60209,SRVC,9052,0
58943,SRVC,33335,0
64508,SRVC,3617,0
64512,SRVC,267,0
61877,SRVC,9840,0
59512,SRVC,7335,0
60415,SRVC,10184,0
59337,SRVC,5959,0
6015,SRVC,8609278,0
63975,SRVC,10353,0
64144,SRVC,177833,0
63299,SRVC,3640,0
10258,SRVC,3043,0
62951,SRVC,103155,0
63974,SRVC,6793,0
58332,SRVC,7830,0
61255,SRVC,8834,0
60577,SRVC,9095,0
60157,SRVC,7022,0
60207,SRVC,9878,0
65552,SRVC,8671,0
60384,SRVC,8254,0
63024,SRVC,20738,0
60778,SRVC,9263,0
59829,SRVC,10418,0
56059,SRVC,0,0.49
57196,SRVC,0,12.576000000000001
56260,SRVC,32,106.244
54896,SRVC,114267.999,0
10550,SRVC,2908,0
59997,SRVC,31200,0
63812,SRVC,89330,0
59163,SRVC,7529,0
59487,SRVC,9643,0
63695,SRVC,4336,0
58623,SRVC,35927,0
61256,SRVC,8804,0
61883,SRVC,1770,0
64640,SRVC,1930,0
60312,SRVC,8756,0
66989,SRVC,2295,0
56550,SRVC,0,2.0419999999999998
59510,SRVC,8410,0
59564,SRVC,9314,0
54618,SRVC,62392,5324.7839999999997
60050,SRVC,2642,0
59553,SRVC,3199,0
59554,SRVC,3121,0
60055,SRVC,3349,0
60051,SRVC,3334,0
59670,SRVC,3280,0
60052,SRVC,3124,0
60540,SRVC,63289,0
61258,SRVC,3530,0
59665,SRVC,143816,0
60539,SRVC,139643,0
60149,SRVC,67265,0
59675,SRVC,8753,0
59671,SRVC,141312,0
59666,SRVC,69983,0
59667,SRVC,8642,0
59669,SRVC,96457,0
59676,SRVC,8913,0
61259,SRVC,3530,0
59542,SRVC,6508,0
61260,SRVC,3718,0
60053,SRVC,8547,0
59677,SRVC,8480,0
60398,SRVC,8966,0
59678,SRVC,68767,0
50188,SRVC,196939.55,11837.346
54656,SRVC,379752.11099999998,17319.915000000001
56962,SRVC,25162,0
61292,SRVC,5982,0
59503,SRVC,8592,0
59170,SRVC,9487,0
62329,SRVC,11010,0
60784,SRVC,9636,0
60290,SRVC,9737,0
65553,SRVC,8907,0
50254,SRVC,173717.48,22337.670999999998
60180,SRVC,9959,0
59565,SRVC,8840,0
59527,SRVC,27494,0
59796,SRVC,8622,0
61219,SRVC,9401,0
59051,SRVC,3314,0
58803,SRVC,2870,0
58840,SRVC,5248.9979999999996,0
65554,SRVC,9656,0
60397,SRVC,8611,0
59507,SRVC,4794,0
59325,SRVC,3377702,1362850.2509999999
59125,SRVC,3905,0
61090,SRVC,8996,0
59832,SRVC,5961,0
58791,SRVC,9268,0
60578,SRVC,8681,0
2713,SRVC,3890104,1639087.7290000001
60105,SRVC,3233,0
2773,SRVC,3183,0
56551,SRVC,0,0.49
63837,SRVC,10387,0
62104,SRVC,9747,0
63449,SRVC,9277,0
60538,SRVC,8742,0
59158,SRVC,9355,0
59486,SRVC,9044,0
61091,SRVC,9467,0
59833,SRVC,8905,0
60200,SRVC,3907,0
60783,SRVC,6169,0
58333,SRVC,8265,0
58334,SRVC,7996,0
59174,SRVC,8803,0
56261,SRVC,0,4.5739999999999998
56067,SRVC,0,2.0419999999999998
63811,SRVC,110584,0
59921,SRVC,9215,0
7277,SRVC,4150,21500.670999999998
60399,SRVC,9156,0
56341,SRVC,21,60.348999999999997
59521,SRVC,8837,0
58809,SRVC,8948,0
57630,SRVC,234.999,218.85599999999999
60208,SRVC,9129,0
61347,SRVC,3980,0
2726,SRVC,90285.998999999996,0
64173,SRVC,6793,0
64516,SRVC,3794,0
64514,SRVC,3622,0
61284,SRVC,3910,0
60395,SRVC,7516,0
56342,SRVC,30,57.817
62668,SRVC,132837,0
59520,SRVC,9241,0
59575,SRVC,9273,0
59162,SRVC,9108,0
59105,SRVC,8516,0
2727,SRVC,6899395,5647232.4699999997
58335,SRVC,7688,0
59124,SRVC,5495,0
57461,SRVC,1139,0
57365,SRVC,6631,0
60416,SRVC,9634,0
57321,SRVC,1473,0
6250,SRVC,1216965,1497510.456
58350,SRVC,8938,0
60779,SRVC,9425,0
60440,SRVC,9728,0
6038,SRVC,18068372,0
58853,SRVC,9235,0
60020,SRVC,4001,0
59936,SRVC,8901,0
64117,SRVC,9536,0
59513,SRVC,18217,0
63267,SRVC,3556,0
59502,SRVC,8459,0
60579,SRVC,8994,0
10181,SRVC,4406.0010000000002,0
58336,SRVC,6602,0
61196,SRVC,8993,0
62328,SRVC,10461,0
66719,SRVC,9742,0
59576,SRVC,9573,0
61093,SRVC,8733,0
58739,SRVC,5633,0
58740,SRVC,5371,0
59577,SRVC,8067,0
2746,SRVC,7755,0
58313,SRVC,9202,0
59570,SRVC,45427,0
60417,SRVC,9635,0
59123,SRVC,6129,0
57505,SRVC,218,569.89200000000005
56343,SRVC,0,64.349999999999994
59578,SRVC,9276,0
60383,SRVC,100710,0
58649,SRVC,36018,0
64193,SRVC,8595,0
58337,SRVC,7894,0
58338,SRVC,8139,0
61405,SRVC,8996,0
60133,SRVC,9223,0
60422,SRVC,28304,0
56344,SRVC,0,3.0219999999999998
56064,SRVC,0,3.0219999999999998
61881,SRVC,4028,0
59107,SRVC,9588,0
59908,SRVC,2228,0
2728,SRVC,99571,0
66487,SRVC,8756,0
58345,SRVC,9046,0
59645,SRVC,7303,0
66986,SRVC,3712,0
59509,SRVC,6478,0
57677,SRVC,1211,0
61533,SRVC,9164,0
61610,SRVC,143954,0
56249,SRVC,92218.001999999993,58240.938000000002
56292,SRVC,76736.994000000006,47895.716999999997
61675,SRVC,43663,26175.744999999999
61676,SRVC,76362,43761.675000000003
2747,SRVC,186095,0
54894,SRVC,462493,0
58854,SRVC,9046,0
58855,SRVC,6924,0
64118,SRVC,8221,0
60408,SRVC,9201,0
60134,SRVC,3333,0
60072,SRVC,3860,0
58524,SRVC,1536,0
56688,SRVC,28058.993999999999,1186.2950000000001
58339,SRVC,8343,0
59835,SRVC,2029,0
58741,SRVC,8372,0
64119,SRVC,8221,0
62205,SRVC,9968,0
59501,SRVC,8513,0
61778,SRVC,38932,0
58531,SRVC,3074,0
58880,SRVC,8856,0
60651,SRVC,9182,0
60992,SRVC,3051,0
64683,SRVC,106957,0
58851,SRVC,8277,0
66720,SRVC,9543,0
6377,SRVC,0,20.251999999999999
61534,SRVC,3813,0
59519,SRVC,5805,0
64522,SRVC,1811,0
60600,SRVC,8845,0
61094,SRVC,10120,0
58558,SRVC,10886,0
60284,SRVC,10295,0
59999,SRVC,4992,0
66372,SRVC,10794,0
66721,SRVC,10912,0
58742,SRVC,9124,0
2729,SRVC,87283,0
58305,SRVC,1679,0
50509,SRVC,236604,0
58538,SRVC,3774,0
63692,SRVC,3036,0
62018,SRVC,2411,0
58799,SRVC,8211,0
62089,SRVC,1795,0
62128,SRVC,4186,0
62129,SRVC,3616,0
62120,SRVC,3332,0
62121,SRVC,4042,0
62122,SRVC,3911,0
62123,SRVC,1815,0
62124,SRVC,1610,0
62125,SRVC,2807,0
62126,SRVC,3508,0
62127,SRVC,4324,0
63827,SRVC,4399,0
59530,SRVC,34416,0
58856,SRVC,9090,0
65555,SRVC,9379,0
62659,SRVC,8429,0
59157,SRVC,9190,0
60030,SRVC,123558,0
63266,SRVC,3651,0
60629,SRVC,3861,0
61134,SRVC,9797,0
65106,SRVC,146840,0
61404,SRVC,9712,0
63835,SRVC,10243,0
60298,SRVC,9356,0
61978,SRVC,7545,0
56345,SRVC,0,0.98
7826,SRVC,4318637.0049999999,1845729.85
63015,SRVC,6649,0
58480,SRVC,2026,0
66373,SRVC,11054,0
59917,SRVC,8992,0
59504,SRVC,8309,0
64035,SRVC,4217,0
59533,SRVC,8163,0
58529,SRVC,2259,0
58493,SRVC,5007,0
58494,SRVC,5402,0
58495,SRVC,5908,0
56966,SRVC,2761,0
62095,SRVC,9390,0
6438,SRVC,3550,0
59506,SRVC,7307,0
58274,SRVC,7096,0
58316,SRVC,6630,0
61095,SRVC,9526,0
63381,SRVC,6417,0
66988,SRVC,3780,0
58810,SRVC,7269,0
61813,SRVC,124223,0
63017,SRVC,8055,0
59760,SRVC,6807,0
60929,SRVC,9469,0
60129,SRVC,3745,0
62131,SRVC,4037,0
62204,SRVC,4439,0
59114,SRVC,3969,0
58865,SRVC,22362,0
2730,SRVC,58641,0
65583,SRVC,3412,0
7805,SRVC,8597616.9949999992,3832982.392
65110,SRVC,4123,0
60487,SRVC,8645,0
2758,SRVC,6682,0
60165,SRVC,8099,0
58347,SRVC,9196,0
55116,SRVC,795794,502300.26500000001
60106,SRVC,9459,0
58668,SRVC,5109,0
60761,SRVC,9388,0
64511,SRVC,1618,0
59375,SRVC,3041,0
50555,SRVC,6533,6069.8469999999998
61520,SRVC,3870,0
2712,SRVC,4040825,4504462.7949999999
58340,SRVC,9119,0
61288,SRVC,8969,0
59831,SRVC,8538,0
62594,SRVC,42040,0
60922,SRVC,3856,0
59589,SRVC,136235,0
64677,SRVC,10715,0
56915,SRVC,1735,0
60108,SRVC,8116,0
62596,SRVC,9045,0
62102,SRVC,9023,0
54984,SRVC,25925,0
61128,SRVC,7748,0
58805,SRVC,8224,0
61096,SRVC,3883,0
58491,SRVC,1948,0
62692,SRVC,5604,0
59500,SRVC,7900,0
66722,SRVC,10785,0
66723,SRVC,5888,0
60921,SRVC,3844,0
59591,SRVC,9327,0
63345,SRVC,6312,0
59643,SRVC,8783,0
65556,SRVC,8657,0
59592,SRVC,8738,0
60439,SRVC,10608,0
58669,SRVC,7583,0
66374,SRVC,10912,0
58956,SRVC,8868,0
58323,SRVC,7583,0
59155,SRVC,35758,0
60101,SRVC,3410,0
57200,SRVC,1111,0
56063,SRVC,0,0.98
60156,SRVC,9644,0
66375,SRVC,10502,0
62691,SRVC,5476,0
60380,SRVC,142469,0
58861,SRVC,8714,0
61019,SRVC,9689,0
64121,SRVC,9532,0
59149,SRVC,9048,0
65567,SRVC,10506,0
54823,SRVC,63.003999999999998,55.29
56035,SRVC,288,236.17
58575,SRVC,1529.78,831.72799999999995
65551,SRVC,9872,0
60367,SRVC,11053,0
59106,SRVC,3766,0
59857,SRVC,10135,0
59856,SRVC,10455,0
64237,SRVC,7737,0
57435,SRVC,8677,0
59191,SRVC,9326,0
59192,SRVC,9070,0
60580,SRVC,9112,0
59934,SRVC,5858,0
58782,SRVC,9965,0
58829,SRVC,8996,0
58745,SRVC,8143,0
59606,SRVC,5215,0
60798,SRVC,2572,0
59825,SRVC,9795,0
64509,SRVC,236,0
58273,SRVC,7209,0
60409,SRVC,9031,0
60553,SRVC,9695,0
66724,SRVC,5987,0
62821,SRVC,42575,0
61220,SRVC,9327,0
64520,SRVC,3793,0
59109,SRVC,8737,0
66465,SRVC,9185,0
62997,SRVC,6022,0
59593,SRVC,9332,0
60396,SRVC,5886,0
61156,SRVC,7683,0
59604,SRVC,8542,0
60257,SRVC,9363,0
64702,SRVC,96547,0
58746,SRVC,8847,0
62602,SRVC,10075,0
56552,SRVC,0,1.552
61535,SRVC,9108,0
56062,SRVC,0,1.552
59595,SRVC,9535,0
61085,SRVC,9816,0
62820,SRVC,39393,0
59581,SRVC,8480,0
63270,SRVC,9043,0
60189,SRVC,9904,0
63807,SRVC,112256,0
60611,SRVC,62367,0
66376,SRVC,6558,0
59505,SRVC,8426,0
61287,SRVC,8791,0
61842,SRVC,10524,0
64311,SRVC,8541,0
56938,SRVC,1153,0
59898,SRVC,5724,0
64477,SRVC,3684,0
58864,SRVC,8844,0
60638,SRVC,32868,0
64476,SRVC,7031,0
64273,SRVC,6158,0
59824,SRVC,9151,0
60048,SRVC,5895,0
60191,SRVC,6114,0
60394,SRVC,8997,0
60691,SRVC,6821,0
59648,SRVC,8696,0
59583,SRVC,8411,0
60160,SRVC,9892,0
57402,SRVC,1332,0
2749,SRVC,24782,0
57366,SRVC,8179,0
62786,SRVC,3827,0
59152,SRVC,8424,0
2750,SRVC,55365,0
62540,SRVC,3337,0
65111,SRVC,4032,0
59217,SRVC,9178,0
60429,SRVC,6382,0
2714,SRVC,166395,0
65550,SRVC,7133,0
61131,SRVC,4268,0
59498,SRVC,16603,0
65549,SRVC,8341,0
63842,SRVC,140785,0
60291,SRVC,8751,0
61086,SRVC,9328,0
64366,SRVC,10135,0
65548,SRVC,9756,0
2751,SRVC,4814,0
54897,SRVC,124587,0
58670,SRVC,8051,0
60000,SRVC,19973,0
2735,SRVC,10611,0
2736,SRVC,16836,0
58348,SRVC,8805,0
60510,SRVC,28316,0
59427,SRVC,8572,0
60998,SRVC,27855,0
54276,SRVC,23759,0
58812,SRVC,8636,0
58526,SRVC,35167.002,0
64674,SRVC,3844,0
59761,SRVC,9013,0
59928,SRVC,8753,0
60001,SRVC,33448,0
63734,SRVC,9533,0
59190,SRVC,3650,0
59605,SRVC,9016,0
60961,SRVC,4461,0
60920,SRVC,4005,0
66358,SRVC,3816,0
2716,SRVC,104,2405.6
58863,SRVC,8772,0
62627,SRVC,3845,0
61087,SRVC,8572,0
60575,SRVC,9375,0
60576,SRVC,9214,0
61129,SRVC,9394,0
58862,SRVC,8710,0
59688,SRVC,57918,2084.6880000000001
64513,SRVC,251,0
61536,SRVC,9840,0
59050,SRVC,3147,0
2715,SRVC,321045,0
59603,SRVC,9195,0
60393,SRVC,7587,0
57607,SRVC,24,27.358000000000001
62223,SRVC,8528,0
58312,SRVC,6296,0
62100,SRVC,9108,0
58848,SRVC,120334,0
59119,SRVC,3230,0
59120,SRVC,3381,0
58845,SRVC,9000,0
58846,SRVC,8383,0
58135,SRVC,19215,0
57169,SRVC,10040.001,0
59153,SRVC,32244,0
58317,SRVC,7471,0
60602,SRVC,2321,0
60598,SRVC,5895,0
60597,SRVC,5855,0
65547,SRVC,10461,0
59584,SRVC,9211,0
62595,SRVC,8270,0
59111,SRVC,8295,0
59112,SRVC,9463,0
57608,SRVC,30,24.417000000000002
66725,SRVC,11798,0
59526,SRVC,22738,0
60438,SRVC,5965,0
58341,SRVC,7905,0
60363,SRVC,9754,0
60364,SRVC,14111,0
62544,SRVC,149177,0
60287,SRVC,8676,0
59176,SRVC,9411,0
60787,SRVC,30920,0
60484,SRVC,4261,0
58342,SRVC,8028,0
61274,SRVC,4853,0
61275,SRVC,8079,0
61276,SRVC,15005,0
61277,SRVC,9568,0
61278,SRVC,14534,0
61279,SRVC,11652,0
61280,SRVC,14173,0
58847,SRVC,8674,0
64678,SRVC,10411,0
59171,SRVC,9160,0
59177,SRVC,9031,0
59586,SRVC,9009,0
59175,SRVC,9140,0
62304,SRVC,13345,0
63272,SRVC,3541,0
60361,SRVC,8906,0
64822,SRVC,3509,0
59146,SRVC,4256,0
59587,SRVC,5716,0
59950,SRVC,6346,0
58343,SRVC,8866,0
59113,SRVC,9106,0
60240,SRVC,8599,0
60107,SRVC,3140,0
60980,SRVC,9594,0
61257,SRVC,9453,0
60549,SRVC,9321,0
64367,SRVC,6624,0
64023,RFCE,3508,0
64025,RFCE,1812,0
59371,RFCE,2105,0
57458,RFCE,4644,0
58187,RFCE,2603,0
59365,RFCE,1490,0
61224,RFCE,1819,0
59370,RFCE,2051,0
63366,RFCE,2126,0
62325,RFCE,2539,0
64194,RFCE,1960,0
65289,RFCE,2326,0
65280,RFCE,2311,0
64195,RFCE,1526,0
62326,RFCE,1526,0
58798,RFCE,1401,0
63260,RFCE,2157,0
60802,RFCE,1637,0
63198,RFCE,1955,0
63483,RFCE,47058,23542.544999999998
66796,RFCE,46,0
65194,RFCE,13591,0
65622,RFCE,3469,0
60772,RFCE,3393,0
63195,RFCE,3112,0
58519,RFCE,3754,0
63353,RFCE,5350,0
65213,RFCE,9736,0
58357,RFCE,3250,0
64360,RFCE,6914,0
56900,RFCE,2817,0
58360,RFCE,2161,0
62906,RFCE,4449,0
66802,RFCE,486,0
66803,RFCE,793,0
60227,RFCE,2066,0
61893,RFCE,5239,0
63298,RFCE,2672,0
67121,RFCE,56,0
66798,RFCE,32,0
54569,RFCE,3689,437.85
56294,RFCE,21982,0
60805,RFCE,7777,0
58096,RFCE,2226,0
63786,RFCE,34471,0
57733,RFCE,1677,0
2398,RFCE,2610082,1219081.9820000001
60437,RFCE,4447,0
59097,RFCE,15803,0
57727,RFCE,3294,0
60734,RFCE,9992,0
60733,RFCE,1799,0
59166,RFCE,1757,0
58947,RFCE,43873,28565.858
54829,RFCE,57816,18198.764999999999
66776,RFCE,4678,0
62712,RFCE,4697,0
2399,RFCE,27561,15788.47
62616,RFCE,1742,0
59248,RFCE,1357,0
63971,RFCE,2642,0
60201,RFCE,1762,0
10122,RFCE,28265.16,8726.8369999999995
62027,RFCE,1010,0
57081,RFCE,5640,0
10751,RFCE,75951,44109.362999999998
10435,RFCE,172759,198930.054
63334,RFCE,5981,0
66089,RFCE,3696,0
65705,RFCE,7672,0
2379,RFCE,4523,4538
59297,RFCE,1635,0
64380,RFCE,2920,0
60266,RFCE,9747,0
65623,RFCE,2466,0
59630,RFCE,3580,0
63355,RFCE,3114,0
57734,RFCE,1445,0
58094,RFCE,2573,0
65465,RFCE,17126,0
58235,RFCE,87436.998999999996,50601.678
58165,RFCE,33737,10535.794
63356,RFCE,2862,0
63357,RFCE,5592,0
60776,RFCE,950,0
62598,RFCE,1452,0
58029,RFCE,5522,0
58536,RFCE,2958,0
58512,RFCE,3924,0
58359,RFCE,2867,0
58881,RFCE,3912,0
10643,RFCE,438066,523422.64500000002
59446,RFCE,6487,0
67062,RFCE,1566,0
56884,RFCE,21384,1E-3
5083,RFCE,65598.004000000001,40609.370999999999
63492,RFCE,17468,10825.425999999999
63286,RFCE,5603,0
61515,RFCE,1594,0
62586,RFCE,2739,0
62958,RFCE,2467,0
62957,RFCE,6231,0
61507,RFCE,3774,0
66021,RFCE,3824,0
66028,RFCE,4319,0
65658,RFCE,8739,0
66020,RFCE,5859,0
62713,RFCE,15888,0
60739,RFCE,5337,0
62492,RFCE,55343,37423.785000000003
62905,RFCE,7496,0
64411,RFCE,4187,0
58951,RFCE,12367,0
61864,RFCE,14128,0
57397,RFCE,4168,0
66815,RFCE,2389,0
10805,RFCE,152825.44,0
64327,RFCE,34784,0
50799,RFCE,8398,5103.9960000000001
63702,RFCE,10444,0
63703,RFCE,13351,0
63706,RFCE,14449,0
57574,RFCE,809,0
50561,RFCE,238499,121507.083
60327,RFCE,2656,0
60727,RFCE,5756,0
67067,RFCE,464,0
67066,RFCE,1281,0
67050,RFCE,1989,0
66428,RFCE,3635,0
59367,RFCE,706,0
63540,RFCE,22523.34,14489.742
57776,RFCE,2365,0
57485,RFCE,11490,0
60990,RFCE,9375,0
7138,RFCE,1976,3180.5
60732,RFCE,10016,0
63149,RFCE,13299,0
66963,RFCE,540,0
66964,RFCE,674,0
60759,RFCE,2035,0
60994,RFCE,5005,0
57486,RFCE,4097,0
57487,RFCE,3900,0
58564,RFCE,9565,0
59366,RFCE,9370,0
64422,RFCE,1378,0
63698,RFCE,4472,0
62680,RFCE,5911,0
2393,RFCE,26794,23464.081999999999
66485,RFCE,3268,0
60752,RFCE,4286,0
60839,RFCE,3518,0
60840,RFCE,2371,0
52068,RFCE,11616,0
56877,RFCE,1594,0
60489,RFCE,9074,0
66906,RFCE,1564,0
59628,RFCE,7548,0
59627,RFCE,4335,0
60501,RFCE,917,0
56701,RFCE,17387,14036.59
62438,RFCE,1606.999,0
57869,RFCE,8041,0
65468,RFCE,649,0
10123,RFCE,49978,14771.441999999999
60763,RFCE,2870,0
65387,RFCE,9788,0
60933,RFCE,433,268.55200000000002
61473,RFCE,680,0
2434,RFCE,68737,41615.553999999996
60728,RFCE,10734,0
65167,RFCE,2015,0
62225,RFCE,402,0
60709,RFCE,4363,0
62306,RFCE,7860,0
63626,RFCE,1963,0
61359,RFCE,903,0
61360,RFCE,801,0
63713,RFCE,18057,0
58016,RFCE,448,0
60375,RFCE,9071,0
61466,RFCE,5052,0
57799,RFCE,1467,0
59631,RFCE,11286,0
67070,RFCE,2213,0
58793,RFCE,11453,0
60113,RFCE,1691,0
65094,RFCE,4604,0
59185,RFCE,7588,0
63530,RFCE,1170,0
58653,RFCE,1943,0
58654,RFCE,2308,0
56300,RFCE,18438,0
57723,RFCE,4890,0
58049,RFCE,1504,0
60265,RFCE,7086,0
62739,RFCE,6236,0
62746,RFCE,4309,0
59910,RFCE,27008,0
2404,RFCE,132305,93842.930999999997
65466,RFCE,5900,0
58877,RFCE,11415,0
59601,RFCE,14444,0
60765,RFCE,1484,0
60766,RFCE,2414,0
57868,RFCE,1731,0
63413,RFCE,1538,0
64142,RFCE,288,208.99799999999999
63503,RFCE,15915,0
54640,RFCE,245483,119999.037
62454,RFCE,751,0
57488,RFCE,2510,0
2406,RFCE,4689366,2047492.067
65368,RFCE,6191,0
57381,RFCE,3773,0
67065,RFCE,1234,0
58505,RFCE,5705,0
58504,RFCE,577,0
60769,RFCE,1943,0
57661,RFCE,3571,0
63229,RFCE,2949,0
57750,RFCE,3268,0
10061,RFCE,48540,19056.811000000002
57384,RFCE,2712,0
57588,RFCE,3676,0
66965,RFCE,197,0
62638,RFCE,13268,0
57662,RFCE,17172,0
57863,RFCE,2295,0
59277,RFCE,1978,0
58882,RFCE,9774,0
58070,RFCE,405,0
10224,RFCE,42309,13628.582
8008,RFCE,2082,2122.8000000000002
58090,RFCE,5862,0
56119,RFCE,99380,4.3999999999999997E-2
67368,RFCE,2473,0
62637,RFCE,11116,0
62904,RFCE,2025,0
57728,RFCE,5077,0
58822,RFCE,1492,0
63451,RFCE,17786,0
63501,RFCE,47030.2,28667.448
65329,RFCE,3704,0
65348,RFCE,28106,0
65095,RFCE,2851,0
59844,RFCE,1140,0
57471,RFCE,1562,0
60857,RFCE,583,0
60378,RFCE,3806,0
57948,RFCE,15413,0
57724,RFCE,3827,0
61599,RFCE,16542,0
58079,RFCE,3681773,1439045.4609999999
60806,RFCE,2259,0
58358,RFCE,4501,0
59318,RFCE,7608,0
62903,RFCE,12238,0
54980,RFCE,83818.001999999993,0
55938,RFCE,232632,145416.239
66845,RFCE,353,0
61600,RFCE,13591,0
62439,RFCE,4426,0
56889,RFCE,691,0
57204,RFCE,2285,0
6118,RFCE,9938423,0
58569,RFCE,7715,0
59001,RFCE,12314,0
59544,RFCE,487,0
58896,RFCE,1161,0
50628,RFCE,336201.91,109688.18399999999
61073,RFCE,13073,0
61074,RFCE,13031,0
65467,RFCE,15816,0
56511,RFCE,2355,0
56883,RFCE,1851.001,0
60762,RFCE,8813,0
57448,RFCE,26109,0
60740,RFCE,2264,0
59364,RFCE,1238,0
63150,RFCE,12636,0
67068,RFCE,1396,0
67064,RFCE,4677,0
67063,RFCE,14,0
61822,RFCE,23926,13460.300999999999
61354,RFCE,3535,0
58584,RFCE,54033.999000000003,12857.518
61965,RFCE,13235,0
59059,RFCE,1959,0
60729,RFCE,12199,0
61601,RFCE,12218,0
59055,RFCE,2454,417.46899999999999
55239,RFCE,3149690,1352656.148
59278,RFCE,1768,0
58030,RFCE,8776,0
60843,RFCE,3403,0
58036,RFCE,10693,0
65563,RFCE,2109,0
59319,RFCE,12836,0
61751,RFCE,1683,0
60781,RFCE,1282,0
50411,RFCE,23369.001,7633.4110000000001
65418,RFCE,3705,0
60810,RFCE,2666,0
2410,RFCE,18397051,0
66049,RFCE,1560,0
64096,RFCE,1641,0
2390,RFCE,0,1208.3
10308,RFCE,938193,483822.58500000002
63185,RFCE,5431,0
57667,RFCE,8929,0
60747,RFCE,4450,0
63459,RFCE,3665,0
2411,RFCE,3201982,1321921.1140000001
60267,RFCE,4444,0
7288,RFCE,32881.997000000003,26476.203000000001
57951,RFCE,1238,0
63257,RFCE,3129,0
57341,RFCE,2567,0
60746,RFCE,2746,0
59057,RFCE,595,0
58402,RFCE,1615,0
66889,RFCE,322,0
63452,RFCE,9671,0
67086,RFCE,2632,0
67269,RFCE,4469,0
60755,RFCE,13383,0
61907,RFCE,11905,0
57864,RFCE,1293.999,0
57726,RFCE,2192,0
60809,RFCE,1225,0
57746,RFCE,5287,0
57745,RFCE,3475,0
58356,RFCE,7047,0
63404,RFCE,1740,0
60771,RFCE,1511,0
58483,RFCE,43300,0
58917,RFCE,1407,0
58364,RFCE,3725,0
57815,RFCE,4143,0
67243,RFCE,1216,0
66751,RFCE,1408,0
57647,RFCE,4890,0
57352,RFCE,1591,0
60808,RFCE,6516,0
62612,RFCE,2983,0
50960,RFCE,298350,299584.11599999998
58040,RFCE,3291,0
50094,RFCE,91.98,37.473999999999997
57742,RFCE,1162,0
57660,RFCE,6741,0
57848,RFCE,1441,0
57383,RFCE,2059,0
58123,RFCE,2807,0
56888,RFCE,2502,0
56963,RFCE,2167830,968662.495
59186,RFCE,10411,0
60500,RFCE,1088,0
50885,RFCE,80214,99961.64
61630,RFCE,468,0
57805,RFCE,1618,0
58361,RFCE,3451,0
59751,RFCE,1361,0
59116,RFCE,809,1E-3
57839,RFCE,4003061,1587343.6329999999
57382,RFCE,5362,0
7789,AZNM,46475,0
55210,AZNM,1434480,631597.33200000005
57577,AZNM,11300,0
57567,AZNM,3984,0
63477,AZNM,5965,0
60258,AZNM,58061,0
64695,AZNM,8148,0
56336,AZNM,796655,0
63172,AZNM,158928,0
58689,AZNM,3095,0
62994,AZNM,6750,0
55977,AZNM,428612,214977.136
64638,AZNM,278392,0
63579,AZNM,140729,0
66408,AZNM,272376,0
62191,AZNM,5513,0
61662,AZNM,1507,0
61925,AZNM,178381,0
54667,AZNM,67302,48201.254000000001
59619,AZNM,19152,0
57243,AZNM,57027,0
62406,AZNM,13741,0
63391,AZNM,2643,0
59653,AZNM,1361,0
64054,AZNM,1064009,0
61165,AZNM,5320,0
64903,AZNM,6025,0
57575,AZNM,19390,0
64065,AZNM,363168,0
58098,AZNM,1132521,0
7593,AZNM,1525,0
63860,AZNM,141255,0
61556,AZNM,25962,0
61557,AZNM,27059,0
61558,AZNM,26877,0
50906,AZNM,75693,22929.940999999999
2442,AZNM,7434911,7852749.9069999997
60317,AZNM,849074,0
62995,AZNM,12159,0
57591,AZNM,10640,0
56945,AZNM,350139,0
60301,AZNM,6526,0
66163,AZNM,17005,0
65103,AZNM,132546,0
58240,AZNM,2592,0
61044,AZNM,1076276,0
58284,AZNM,67728,39932.565999999999
57576,AZNM,9946,0
58629,AZNM,35857.999000000003,0
7967,AZNM,113310,70134.411999999997
58256,AZNM,479,0
57571,AZNM,15068,0
55343,AZNM,3576285,1487142.071
59010,AZNM,115483,0
57947,AZNM,131779,0
58521,AZNM,17536,0
59618,AZNM,24130,0
66287,AZNM,50872,0
64881,AZNM,7677,0
584,AZNM,91393,0
54975,AZNM,29640,10518.95
56097,AZNM,584363,0
63502,AZNM,551841,0
58520,AZNM,18025,0
58899,AZNM,384.66,0
7975,AZNM,287233,173967.486
57369,AZNM,719,0
62756,AZNM,2058,0
63981,AZNM,1163277,0
57357,AZNM,201053,0
2450,AZNM,420601,318707.63299999997
55039,AZNM,552279.005,380916.68699999998
60198,AZNM,25478,0
62597,AZNM,27806,0
2444,AZNM,895066,586780.39199999999
58589,AZNM,2280,0
63184,AZNM,25579,0
57338,AZNM,72567,0
64076,AZNM,146003,0
63578,AZNM,2139460,0
63081,AZNM,26657,0
63082,AZNM,26300,0
59558,AZNM,15579,0
60196,AZNM,23934,0
60197,AZNM,22930,0
58540,AZNM,1978,0
60195,AZNM,24987,0
10339,AZNM,20036.099999999999,4257.5889999999999
59560,AZNM,2204,0
58794,AZNM,2471,0
58588,AZNM,2088,0
57986,AZNM,25621,0
57985,AZNM,26276,0
62149,AZNM,2302,0
63124,AZNM,3781,0
63125,AZNM,4013,0
63123,AZNM,8191,0
63728,AZNM,40063,0
64066,AZNM,837187,0
55802,AZNM,242681,160833.80600000001
62467,AZNM,27419,0
60341,AZNM,1853,0
55514,AZNM,2298718,951310.25399999996
58489,AZNM,49663,0
62248,AZNM,631085,0
60885,AZNM,126011,0
60352,AZNM,261241,0
56944,CAMX,19201,0
57205,CAMX,93270.998999999996,0
55322,AZNM,6886174,3058422.3739999998
57348,AZNM,64556,19468.454000000002
2322,AZNM,570662.99699999997,87755.335000000006
58017,CAMX,348724.00099999999,0
58915,CAMX,597536.99899999995,0
59814,CAMX,214207,0
63504,AZNM,672818,0
55077,CAMX,1647411,748157.58799999999
61862,AZNM,3652,0
61825,AZNM,2878,0
52015,CAMX,471624,20940.105
63913,AZNM,527351,0
58533,AZNM,118772,0
60419,AZNM,99489,0
57213,AZNM,73201,0
61852,AZNM,856600,0
64148,AZNM,254336,0
59472,AZNM,23702,0
57684,AZNM,28265,0
7082,AZNM,2075115.48,954695.52
63080,AZNM,290269,0
154,AZNM,1245713.0009999999,0
66099,AZNM,1009,0
66098,AZNM,86,0
61193,AZNM,1403,0
57376,AZNM,66653,0
10761,AZNM,339696,176830.136
58477,AZNM,5772,0
57446,AZNM,642454.00100000005,0
61912,AZNM,558384,0
57859,AZNM,589966,0
58544,AZNM,51882,0
56982,AZNM,193878,0
56568,AZNM,21723,0
59919,AZNM,37440,0
54350,AZNM,459349,193646.07500000001
54349,AZNM,506052,204550.58900000001
56405,AZNM,93301,1521.123
63491,AZNM,157172,0
59827,AZNM,193542,0
60261,AZNM,253172,0
60792,AZNM,29975,1E-3
59747,AZNM,28897,0
54271,AZNM,209084,81793.793000000005
57456,AZNM,82959,3683.3780000000002
59404,AZNM,42644,0
57442,AZNM,112661,0
58644,CAMX,643605.99899999995,0
55841,AZNM,2570246,1115869.129
60350,AZNM,3723,0
59430,AZNM,8721,0
58490,AZNM,83020,0
65773,AZNM,51828,0
54854,AZNM,31629.995999999999,25275.874
59826,CAMX,216495,0
61611,AZNM,193529,0
61930,AZNM,535932,0
61931,AZNM,55417,0
61932,AZNM,59018,0
62440,AZNM,121224,0
60654,AZNM,446046,0
60785,AZNM,367757,0
57451,AZNM,125758,0
55687,AZNM,2141761,958131.14800000004
57166,AZNM,23692,0
56500,AZNM,490659,248924.13
63001,AZNM,17710,0
58082,RFCW,4555,0
55262,RFCW,2067,1447.2
55263,RFCW,1950,1477.7
55264,RFCW,1968,1524.6
58980,RFCW,7934.0789999999997,0
2945,RFCW,16.001999999999999,14.78
59489,RFCW,1523,0
55990,RFCW,170112,51744.027999999998
7657,RFCW,6774,0
2878,RFCW,938347,1211763.659
58269,RFCW,424.00200000000001,235.733
64635,RFCW,97303,0
57449,RFCW,734180,0
66249,RFCW,24662,0
56226,RFCW,4596,0
59373,RFCW,2845,1571.826
61145,RFCW,26949.999,1E-3
2903,RFCW,916.78,969.94100000000003
7779,RFCW,237,243.27600000000001
58381,RFCW,2490,0
67084,RFCW,3920,0
58386,RFCW,2085,0
2828,RFCW,9679859,10120043.719000001
59773,RFCW,5513355,2414052.6510000001
58665,RFCW,6549,0
57908,RFCW,225958.96,73413.823000000004
60376,RFCW,6207468,2497584.7439999999
7774,RFCW,187.00200000000001,124.944
61838,RFCW,1847,620.04999999999995
10398,RFCW,143863,232858.84400000001
54207,RFCW,47528,13427.688
64157,RFCW,540,630.11099999999999
60923,RFCW,3796,0
58439,RFCW,2051,0
57570,RFCW,11501,0
62041,RFCW,4135,0
62658,RFCW,707.00099999999998,543.87599999999998
62942,RFCW,11195,0
62941,RFCW,3587,0
60622,RFCW,39445,0
61818,RFCW,2233,0
61438,RFCW,2771,0
61436,RFCW,3280,0
62792,RFCW,21630,0
61805,RFCW,2604,0
61437,RFCW,2663,0
55247,RFCW,557272.00199999998,220576.88
6149,RFCW,7985728,0
61637,RFCW,1980,0
2831,RFCW,1863.001,0
7777,RFCW,133.99799999999999,218.364
55350,RFCW,3910371,1609591.5490000001
57929,RFCW,248.92,229.06399999999999
7874,RFCW,110,96.525999999999996
67027,RFCW,21413,0
59024,RFCW,560,0
60015,RFCW,7166,0
67239,RFCW,7995.24,0
59683,RFCW,1532.42,0
55701,RFCW,3372146,1406827
7918,RFCW,167.001,147.56399999999999
8102,RFCW,13530200,14701693.142000001
57410,RFCW,19468,1E-3
56181,RFCW,129.999,160.30500000000001
4258,RFCW,262227.99900000001,0
55228,RFCW,68462,45811.1
62949,RFCW,8154972,3511848.412
60190,RFCW,8229,0
2917,RFCW,776,997.88199999999995
7807,RFCW,5718,0
55736,RFCW,10533130,4577221.6160000004
63029,RFCW,285584,0
60126,RFCW,2918,0
56848,RFCW,353432,98555.698000000004
58220,RFCW,11721.999,0
62200,RFCW,386518,0
61330,RFCW,195053,0
65985,RFCW,2341,0
66010,RFCW,2586,0
66069,RFCW,906,0
7780,RFCW,34,60.103999999999999
65691,RFCW,1619,0
2876,RFCW,4561822,5336557.04
57613,RFCW,4248,0
62752,RFCW,11195.001,0
61322,RFCW,3852850,1455495.402
56869,RFCW,8950.0059999999994,0
59324,RFCW,478,0
55110,RFCW,928096,698716.74100000004
57411,RFCW,28860,1E-3
2832,RFCW,2781603,3130101.5249999999
57822,RFCW,333038,92324.39
59326,RFCW,3363086,1355620.4450000001
67244,RFCW,12,0
66434,RFCW,83,55.612000000000002
63181,RFCW,4027,0
7791,RFCW,322.99799999999999,294.47399999999999
2851,RFCW,30,28.254999999999999
54335,RFCW,13933.08,4567.8630000000003
7776,RFCW,140.001,153.852
57462,RFCW,9417,0
65215,RFCW,1354,0
64853,RFCW,42418,0
2861,RFCW,0,0
66437,RFCW,418,279.53199999999998
59296,RFCW,279419,0
2848,RFCW,208,0
2933,RFCW,292,445.15899999999999
58134,RFCW,2126,0
60913,RFCW,4354,0
7783,RFCW,1523,1408.1
7782,RFCW,1505,1376.7
59764,RFCW,6505100,2607447.8530000001
2935,RFCW,10623,14643.841
7778,RFCW,102.999,77.58
60038,RFCW,1419,0
66140,RFCW,2431,0
63920,RFCW,21450.58,7890.8270000000002
63927,RFCW,13045.53,4563.326
63829,RFCW,29730.5,10764.393
56421,RFCW,3,9.8000000000000007
2936,RFCW,749,1445.8610000000001
63294,RFCW,1408,0
57620,RFCW,300185,0
60470,RFCW,299463,0
6020,RFCW,8220912,0
2937,RFCW,0,342.24900000000002
10244,RFCW,291641.27399999998,0
50456,RFCW,9375.41,3098.1990000000001
63457,RFCW,38,33.972000000000001
7603,RFCW,100,60.103999999999999
58630,RFCW,7605,0
6006,RFCW,215267,0
57249,RFCW,11148,0
56420,RFCW,1,4.41
2880,RFCW,231458.00399999999,185551.57500000001
7872,RFCW,184978.005,123342.7
55401,RFCW,2273194,1476371.352
56422,RFCW,1.96,19.109000000000002
65302,RFCW,31408,0
54974,RFCW,7126,24.34
58780,RFCW,521333,0
7919,RFCW,153,139.155
7827,RFCW,23,39.606000000000002
63390,RFCW,3665,0
7828,RFCW,37,33.4
2852,RFCW,38,28.58
60356,RFCW,8253298,3271423.0639999998
59545,RFCW,1132,0
2942,RFCW,73,101.598
2881,RFCW,27,44.18
57170,RFCW,30506,1E-3
58140,RFCW,30954,9446.98
2847,RFCW,1298004.0330000001,967071.3
62944,RFCW,379200,0
66250,RFCW,25041,0
50965,RFCW,1421.05,912.25599999999997
55348,RFCW,821693,524246.90100000001
61356,RFCW,6940,0
7775,RFCW,99.998999999999995,178.84200000000001
2866,RFCW,896227,1180104.483
66464,RFCW,383,255.84800000000001
66453,RFCW,373,249.23599999999999
65258,RFCW,22985,0
55397,RFCW,5241651,2284365.0430000001
55503,RFCW,5425452,2266433.0410000002
7878,RFCW,32,28.419
2869,RFCW,1086808.976,789403.31099999999
61660,RFCW,10253.001,0
61005,RFCW,8895.9989999999998,0
61004,RFCW,3782,0
7158,RFCW,166823.00399999999,200793.481
66444,RFCW,75,50.304000000000002
57203,RFCW,10243,0
2854,RFCW,4711.9989999999998,3182.7150000000001
64832,RFCW,275972,0
60128,RFCW,10062,0
62653,RFCW,10442.001,0
55501,ERCT,5024481.1900000004,2424219.4580000001
57640,RFCE,1285,0
50897,RFCW,73220,0
50898,RFCW,86656,0
50894,RFCW,34706,0
50893,RFCW,34706,0
56451,RFCE,178172,0
57581,RFCE,22545,0
58813,RFCE,53657.000999999997,28158.455999999998
57280,RFCE,769,0
57044,RFCE,224011,0
55347,RFCW,1114133.048,690701.76399999997
58811,RFCE,68136,33558.964999999997
59546,RFCW,514,0
6040,RFCW,15012453,0
10546,RFCW,4848.9989999999998,0
55690,RFCE,5991454,2904928.7710000002
60551,RFCE,254596,0
61035,RFCE,3239674,1226872.754
66445,RFCE,128,85.581999999999994
3120,RFCE,136,291.28800000000001
57466,RFCW,45938,0
56911,RFCE,30285,0
3140,RFCE,2684893,1834804.81
3096,RFCW,105397,72098.998000000007
54333,RFCE,42687.6,13239.259
57668,RFCE,1,0
64709,RFCE,22823,0
60589,RFCE,7213102,2715899.5049999999
65332,RFCE,12113,0
57139,RFCE,121554,0
56369,RFCW,85772,0
55654,RFCW,243007,148963.01999999999
3157,RFCE,50.000999999999998,117.024
50410,RFCE,169319,50164.434999999998
57268,RFCE,92785,0
10143,RFCE,702327,986547.68200000003
3118,RFCE,2859335,3069606.8470000001
52173,RFCE,44547,0
10746,RFCE,572070,629677.73800000001
54625,RFCE,183447,193897.51699999999
57216,RFCE,2709,0
8012,RFCE,664,852
56887,RFCE,45785,0
58476,RFCE,49308,0
3160,RFCE,84,126.98399999999999
62946,RFCE,4383,0
54638,RFCW,65100,0
63485,RFCW,24729.32,12738.388999999999
66097,RFCE,2165,0
58195,RFCW,46837.14,13945.41
10603,RFCE,285119,434639.72499999998
3161,RFCE,26701,28331.933000000001
60985,RFCE,2820,0
63773,RFCW,37867,0
63768,RFCW,27708,0
66446,RFCE,75,50.142000000000003
55298,RFCE,7975147,3292674.3870000001
7397,RFCW,1779.001,1136.337
3162,RFCE,60,109.509
55516,RFCW,5459456,2325079.463
62408,RFCE,5178,0
56699,RFCE,44308,0
10343,RFCE,103718,157955.144
56510,RFCE,16379,0
56512,RFCE,14214,0
55377,RFCW,126143,78207.904999999999
65214,RFCW,16202,0
10058,RFCW,2808.68,13755.539000000001
10113,RFCE,624055,873903.69299999997
66448,RFCE,80,53.488999999999997
59759,RFCE,11055,0
54785,RFCE,1173211,373672.554
65999,RFCW,885,0
67137,RFCW,335.61,0
55765,RFCE,43995.999000000003,0
57390,RFCE,1643,0
3109,RFCE,0,146.58500000000001
58420,RFCE,6211134,2494470.6579999998
58426,RFCE,6399412,2502820.0959999999
55233,RFCE,132733,77946.600000000006
10118,RFCE,108400,36064.315999999999
66454,RFCE,65,43.363
10870,RFCE,12092.002,8992.3119999999999
55337,RFCE,4241847,1846617.409
61028,RFCW,6567027,2664190.412
57991,RFCE,167338,0
62565,RFCW,3945562,1584743.003
3145,RFCE,949793.00100000005,0
3122,RFCW,1014661,1259350.466
60368,RFCE,7736716,3199586.202
63691,RFCW,3607,0
3176,RFCE,603023,288860.36300000001
56397,RFCE,50292,28964.278999999999
3110,RFCE,39480,36011.355000000003
55976,RFCE,5057551,2150608.0389999999
10129,RFCE,22528,7872.0029999999997
63023,RFCE,2499,1534.11
66730,RFCW,1646,0
3136,RFCE,2763505,3039819.7719999999
58091,RFCE,7333,0
57412,RFCE,4205,0
58497,RFCE,15076,0
60357,RFCE,10468498,4084069.753
6636,RFCW,86523,0
55074,RFCE,39510,1E-3
50859,RFCE,186805,225037.86799999999
56850,RFCE,17747,0
57744,RFCE,154149,0
55231,RFCE,3995302,1752379.574
6105,RFCE,19094075,0
58231,RFCE,2827,0
56470,RFCE,54545,0
56770,RFCE,187773,0
57768,RFCE,1990,0
56700,RFCE,86810,0
55667,RFCE,4392264,1826506.6850000001
57582,RFCE,18585,0
66019,RFCE,622,0
56993,RFCE,3079,0
58685,RFCW,8483,0
55801,RFCE,5907246,2398237.1809999999
59327,RFCE,1492,0
58443,RFCE,1581,0
3148,RFCE,542795,423145.96600000001
57494,RFCE,754,0
57769,RFCE,343329,0
52149,RFCE,284092.19799999997,0
61198,RFCE,1834,0
56052,RFCE,36806,0
64101,RFCE,4481,0
58818,RFCE,49704.999000000003,26190.512999999999
55805,RFCE,15679,0
3149,RFCE,562285,528826.84400000004
60388,RFCE,4800,0
57362,RFCE,1264,0
3163,RFCE,267,369.76799999999997
3111,RFCE,2982,4173.2
56687,RFCE,27038.016,983.86599999999999
59906,RFCE,7042515,2782902.0440000002
61737,RFCE,1178,890.11199999999997
3138,RFCW,898145,601388.05900000001
54250,RFCE,8383,2710.9430000000002
56651,RFCE,72841,0
50888,RFCE,508908,663200.99100000004
56890,RFCE,8842,0
55193,RFCE,4166082,1736709.345
55997,RFCW,16193,8558.5
3112,RFCE,0,177.78
58714,RFCE,62378,33685.379999999997
57256,RFCE,13018,0
63520,RFCE,12264,0
50279,RFCE,112042,44785.612000000001
64874,RFCW,4489,0
57182,RFCE,5641,0
58326,RFCE,24989,1930.998
50776,RFCE,476490,0
57999,RFCE,81248,0
50373,RFCE,414,201.227
3166,RFCE,22197093,0
66438,RFCE,99,65.983999999999995
62901,RFCE,4238,2600.2829999999999
58535,RFCE,1885,0
66943,RFCW,623,0
66944,RFCW,978,0
56690,RFCE,21.995999999999999,14.91
3124,RFCE,55217.000999999997,0
56957,RFCE,41070,0
64873,RFCW,118443,65089.32
50397,RFCE,410556.092,65764.876000000004
57367,RFCE,3087,0
3113,RFCE,0,745.33699999999999
50463,RFCE,847741,0
66450,RFCE,12,8.0039999999999996
50611,RFCE,156307,386253.76
3168,RFCE,830,879.8
60329,RFCE,99927,0
57465,RFCW,1701,0
58715,RFCE,60259,32374.06
56873,RFCE,3390,1E-3
3175,RFCE,989241.00100000005,0
65741,RFCE,69139,0
57285,RFCE,114500,0
3169,RFCE,44,65.33
66451,RFCE,124,82.805999999999997
50974,RFCE,287646,493356.13299999997
3130,RFCE,2031753,2487286.824
3114,RFCE,0,168.14400000000001
3131,RFCE,1550822.0009999999,1053069.8600000001
58933,RFCW,1530623,942814.45
55803,RFCE,5686,0
56796,RFCW,95790,0
3170,RFCE,73,132.62
59056,RFCE,8090,3988.0790000000002
55196,RFCW,128196,78727.869000000006
55710,RFCW,4480397,1679236.0020000001
54634,RFCE,647094,1145830.527
56980,RFCE,128004,0
3152,RFCE,79,117.59399999999999
61914,RFCE,4737,0
62686,RFCE,5843,0
6103,RFCE,19000960,0
58897,RFCE,652,479.13
60848,RFCE,2302,0
60464,RFCW,6660501,2660610.3369999998
3115,RFCE,0,211.42599999999999
3116,RFCE,188,585.20000000000005
66393,RFCE,15375.999,7140.1109999999999
10285,RFCW,17649,0
57519,RFCE,46,0
58250,RFCE,13193,0
57998,RFCW,382545,0
64711,RFCE,30963,0
50729,RFCW,109369,0
50732,RFCW,473700,0
62119,RFCW,2220,0
58051,RFCE,72.52,59.613999999999997
3153,RFCE,90206,0
3132,RFCE,19819,16584.803
10152,RFCE,78,0
57014,RFCW,38700,3.0000000000000001E-3
56001,RFCE,102834,0
66443,RFCE,42,27.847999999999999
58194,RFCW,45208.26,13979.031000000001
54746,RFCE,315837,289379.58600000001
62989,RFCE,23445,0
62990,RFCW,36734,0
62991,RFCW,32299,0
7128,RFCE,65502,0
56299,RFCE,52542,0
61263,RFCE,66101,35435.269999999997
50215,RFCE,255291,229572.13500000001
55524,RFCE,8631405,3897636.392
3117,RFCE,110378,0
52036,RFCE,38594,0
61935,SRVC,4311,0
3272,SRVC,62087,0
63243,SRVC,2939,0
63242,SRVC,3349,0
61936,SRVC,3928,0
61937,SRVC,2050,0
64682,SRVC,4530,0
58706,SRVC,120972,0
63808,SRVC,106477,0
64409,SRVC,4045,0
61960,SRVC,3891,0
63720,SRVC,4146,0
58173,SRVC,31730,7202.0190000000002
63759,SRVC,4328,0
61938,SRVC,4328,0
61327,SRVC,9521,0
62395,SRVC,2522,0
57945,SRVC,2454,1E-3
64472,SRVC,3094,0
66709,SRVC,147530,0
65781,SRVC,15536,0
61939,SRVC,3892,0
61918,SRVC,15623,0
61973,SRVC,26163,0
61940,SRVC,3730,0
63833,SRVC,6605,0
61941,SRVC,3615,0
63461,SRVC,3599,0
3253,SRVC,3752,0
64410,SRVC,3884,0
55166,SRVC,291257.995,177346.443
64155,SRVC,2327,0
59727,SRVC,0,16.131
10795,SRVC,0,0
61489,SRVC,43364,0
61326,SRVC,7934,0
63973,SRVC,16328,0
6036,SRVC,19165522,0
3255,SRVC,138717,0
63810,SRVC,142586,0
58400,SRVC,4,0
61522,SRVC,21231,0
55043,SRVC,116411.64,51413.35
10173,SRVC,1452,0
63505,SRVC,20884,0
57886,SRVC,64,52.835999999999999
52049,SRVC,3590,0
3281,SRVC,400,544.70399999999995
58700,SRVC,2735,0
55386,SRVC,2465905,915226.07499999995
7210,SRVC,1375971,1063872.108
130,SRVC,8449234,9307816.625
63635,SRVC,6249,0
3250,SRVC,22124,17983.138999999999
60993,SRVC,19447,0
3256,SRVC,86856.998999999996,0
62211,SRVC,13058,0
61974,SRVC,9987,0
58707,SRVC,152300,0.154
63063,SRVC,108527,72872.379000000001
66717,SRVC,78131,0
61975,SRVC,8578,0
56951,SRVC,283,0
61490,SRVC,34542,0
61529,SRVC,18137,0
6126,SRVC,231609,0
3257,SRVC,143323.99900000001,0
50806,SRVC,393849.76400000002,19149.234
61833,SRVC,7836,0
62216,SRVC,4035,0
61942,SRVC,3879,0
61961,SRVC,9783,0
3258,SRVC,19301.001,0
61530,SRVC,20085,0
64412,SRVC,3127,0
61943,SRVC,3909,0
63813,SRVC,157144,0
3251,SRVC,6694374,0
3285,SRVC,23323,16372.208000000001
61523,SRVC,9191,0
61498,SRVC,39927,0
61325,SRVC,12575,0
64061,SRVC,6435,0
65779,SRVC,4730,0
3318,SRVC,0,0
3261,SRVC,9327,0
56132,SRVC,66,55.856999999999999
7958,SRVC,8441,1E-3
63271,SRVC,153398,0
54087,SRVC,468612,51646.023000000001
3323,SRVC,632438.00199999998,0
62396,SRVC,1863,0
55927,SRVC,5318402,2262070.5789999999
3319,SRVC,247605,0
62233,SRVC,16961,0
61944,SRVC,3693,0
7834,SRVC,5588957.9989999998,2898951.8679999998
7737,SRVC,153176,37216.131999999998
6517,SRVC,48293,0
65955,SRVC,11812,0
56120,SRVC,22649.001,0
63548,SRVC,158450,0
65818,SRVC,3637,0
63241,SRVC,2828,0
66005,SRVC,5569,0
3275,SRVC,61713.999000000003,0
61956,SRVC,31731,16098.508
65782,SRVC,1139,0
57470,SRVC,0,0
62238,SRVC,4381,0
3287,SRVC,729071,402844.32699999999
63839,SRVC,140003,0
65389,SRVC,21063,0
7981,SRVC,38496,32394.677
60658,SRVC,138043,0
63463,SRVC,8551,0
3320,SRVC,0,0
3289,SRVC,5751,0
7479,SRVC,0,448.738
3265,SRVC,22246734.999000002,0
61324,SRVC,17452,0
65780,SRVC,4656,0
63756,SRVC,10363,0
61699,SRVC,2750,0
62228,SRVC,1634,0
57030,SRVC,0,28.827000000000002
62679,SRVC,129020,0
3291,SRVC,199,55.637999999999998
3290,SRVC,46942.002,0
10800,SRVC,4606,0
61945,SRVC,2019,0
10799,SRVC,4606,0
61976,SRVC,67424,0
10787,SRVC,4423,0
63777,SRVC,39144,0
61996,SRVC,19109,0
61946,SRVC,3718,0
61972,SRVC,4871,0
56122,SRVC,12050,0
60659,SRVC,18657,0
61947,SRVC,3853,0
3305,SRVC,5588,0
7480,SRVC,770,247.864
62397,SRVC,3291,0
61432,SRVC,3475,0
61433,SRVC,14685,0
61434,SRVC,11262,0
3267,SRVC,6212,0
3293,SRVC,109483.001,0
61323,SRVC,6329,0
60535,SRVC,12100,0
61948,SRVC,3685,0
57138,SRVC,54718,2667.4070000000002
61701,SRVC,104231,0
7957,SRVC,63,53.896999999999998
56545,SRVC,1004,748.60500000000002
61790,SRVC,170972,0
60028,SRVC,7911,0
57919,SRVC,57732,4132.8370000000004
61949,SRVC,3854,0
61748,SRVC,16574,0
54675,SRVC,1892,75.700999999999993
3321,SRVC,11785,0
6789,SRVC,205824,0
60293,SRVC,19291,0
59728,SRVC,122,133.721
61521,SRVC,22925,0
52151,SRVC,527694,26057.420999999998
62828,SRVC,131295,0
62315,SRVC,4573,0
56129,SRVC,55,46.548000000000002
62346,SRVC,23326,0
60241,SRVC,21141,0
58257,SRVC,3681,0
3295,SRVC,1799264,958432.72199999995
6127,SRVC,7515709,0
56131,SRVC,30,25.478999999999999
61950,SRVC,3627,0
3264,SRVC,5961177,2574912.372
62342,SRVC,2549,0
61951,SRVC,3714,0
3297,SRVC,1744006,1790311.5
3270,SRVC,201268,0
62347,SRVC,4035,0
7814,SRVC,83,70.066000000000003
57885,SRVC,79,0
63760,SRVC,3437,0
59569,SRVC,23330,0
61952,SRVC,4146,0
3298,SRVC,1994060,2210026.9649999999
61953,SRVC,3925,0
6249,SRVC,2646676,3176781.85
63552,SRVC,4295,0
3271,SRVC,128935,0
62353,SRVC,21375,0
63255,ERCT,908653,0
64026,ERCT,446132,0
3581,ERCT,753,0
10298,ERCT,2248185,615171.37699999998
64927,ERCT,499188,0
59206,ERCT,246554,0
64227,ERCT,17377,0
62142,ERCT,805300,0
58946,ERCT,27762.999,0
6128,ERCT,87642,0
58000,ERCT,316401,0
65335,ERCT,694547,0
63329,ERCT,427347,0
10418,ERCT,192856.37,60065.072999999997
60856,ERCT,567014,0
3594,ERCT,4704,0
56524,ERCT,37898.000999999997,0
63209,ERCT,1823482,0
63905,ERCT,562943,0
64164,ERCT,787094,0
55311,ERCT,588606,184619.86
67077,ERCT,1204,0
62809,ERCT,780755,0
66324,ERCT,226170,0
62773,ERCT,127767,0
66561,ERCT,243,236.76
60264,ERCT,251980.99799999999,198230
57927,ERCT,323548,0
65535,ERCT,877.005,665.71500000000003
61205,ERCT,3395,0
58710,ERCT,79129,0
4939,ERCT,1540696,789696.17700000003
57156,ERCT,241581,0
55168,ERCT,3022115,1293121.02
58048,ERCT,59055,0
55327,ERCT,5051327,1843183.584
59972,ERCT,596030,0
65034,ERCT,20496,0
54979,ERCT,62503,0
62783,ERCT,321269,0
60270,ERCT,537529,0
64672,ERCT,252023,0
61970,ERCT,366160,0
62566,ERCT,724631,0
58372,ERCT,492554,0
57197,ERCT,17787,0
60789,ERCT,76418,0
63351,ERCT,286745,0
57974,ERCT,517663,0
55172,ERCT,4864815,2019725.6089999999
61867,ERCT,16132,0
64383,ERCT,291809,180661.20499999999
7131,ERCT,21734,12508.227999999999
66046,ERCT,433173,0
64447,ERCT,411929,0
55357,ERCT,3305314,1448862.7339999999
56111,ERCT,82888,0
63769,ERCT,263227,0
55053,ERCT,49615.436000000002,29569.254000000001
63223,ERCT,103215,0
59734,ERCT,414570,0
61868,ERCT,14269,0
65373,ERCT,239098.00200000001,147130.68400000001
59066,ERCT,568276,0
3561,ERCT,3892,3694.922
58488,ERCT,24900,0
3595,ERCT,14094,0
60044,ERCT,354320,0
60983,ERCT,368382,0
56484,ERCT,424857,0
56638,ERCT,292130,0
56240,ERCT,198517,0
56956,ERCT,269034,0
52176,ERCT,99556,45106.642
63519,ERCT,406595,0
56708,ERCT,929928,860350.82499999995
66992,ERCT,85,75.593000000000004
60472,ERCT,1798,0
61001,ERCT,459805,0
56270,ERCT,394733,0
7762,ERCT,2791281,1169705.43
59118,ERCT,345986,0
63030,ERCT,824746,0
56763,ERCT,2009859.9990000001,0
58378,ERCT,109043,106312.19500000001
61875,ERCT,21316,0
60123,ERCT,397193,0
65790,ERCT,495814,0
64079,ERCT,22575,0
3460,ERCT,2940340,1871559.0449999999
56806,ERCT,1904676,747544.73800000001
57260,ERCT,451068,0
58151,ERCT,127816.22,41689.101999999999
60460,ERCT,116316,78764.062999999995
56592,ERCT,306785,0
55299,ERCT,3917523,1190778.402
55187,ERCT,4962494,1693768.3189999999
59193,ERCT,595197,0
61810,ERCT,21901,0
65536,ERCT,645,489.24
65537,ERCT,706.995,536.85
60427,ERCT,1845,0
59068,ERCT,851239,0
6178,ERCT,2660191,3013749.179
56350,ERCT,2416287,1225441.594
60122,ERCT,7844808,3118096.3130000001
6145,ERCT,18892726,0
62610,ERCT,8590,0
65793,ERCT,336108,0
62772,ERCT,209420,0
9,AZNM,48678.000999999997,0
64538,ERCT,306291,0
50475,ERCT,72907,33932.910000000003
55206,ERCT,2548040,850992.04200000002
50026,ERCT,272842,82603.929000000004
60210,ERCT,198961,0
56864,ERCT,20602.002,0
63655,ERCT,645663,0
62416,ERCT,579192,0
66310,ERCT,211976,0
65538,ERCT,769.005,583.72500000000002
3548,ERCT,0,0
8063,ERCT,112600.996,0
55464,ERCT,6870029,2426399.2420000001
6416,ERCT,104225,0
61643,ERCT,309654,155493.35999999999
60902,ERCT,872033,0
55992,ERCT,462294,0
67023,ERCT,31908,0
3582,ERCT,698,0
61493,ERCT,1233,0
65539,ERCT,598.995,454.36500000000001
56233,ERCT,686947,329775.62800000003
62845,ERCT,504811,0
3437,ERCT,42977.000999999997,0
57659,ERCT,303588,0
60436,ERCT,266984,0
58471,ERCT,425626,295131.87300000002
61874,ERCT,16248,0
66471,ERCT,69958,0
64591,ERCT,634782,0
62765,ERCT,731425,0
64204,ERCT,300209,0
56783,ERCT,390744,0
60338,ERCT,855276,0
63797,ERCT,15064,0
63764,ERCT,301393,0
63233,ERCT,283847,0
55223,ERCT,1440180,652589.62399999995
10261,ERCT,147129,123513.045
10436,ERCT,1190206.0020000001,368401.71500000003
10692,ERCT,2630866,825296.10499999998
64821,ERCT,2096,0
64823,ERCT,2096,0
64824,ERCT,2162,0
64825,ERCT,2162,0
64826,ERCT,2162,0
64827,ERCT,2219,0
64828,ERCT,2219,0
66595,ERCT,1836.9960000000001,1515.528
6410,ERCT,30557.001,0
57165,ERCT,24101,0
62945,ERCT,491742,0
66420,ERCT,43384,0
61212,ERCT,814525,0
59245,ERCT,497772,0
61402,ERCT,1163892,0
56394,ERCT,225448,0
10554,ERCT,4489976.74,1481218.7279999999
55480,ERCT,10423121,4523686.6619999995
63985,ERCT,104647,0
61887,ERCT,4661,0
65540,ERCT,645,490.065
52120,ERCT,2279234.37,780331.60199999996
56152,ERCT,1243285.51,409155.47200000001
59145,ERCT,598265.5,350553.495
55226,ERCT,7559621,3143007.486
62505,ERCT,170371,0
65541,ERCT,432.99599999999998,329.18400000000003
61920,ERCT,566065,0
63343,ERCT,51122,0
67284,ERCT,65626,0
56754,ERCT,245727,0
65542,ERCT,670.005,508.27499999999998
58321,ERCT,490146,0
61417,ERCT,538594,0
3490,ERCT,1150102,695282.47900000005
58596,ERCT,893125,0
3597,ERCT,16289,0
62804,ERCT,208978,0
59732,ERCT,89399,0
59733,ERCT,178717,0
3464,ERCT,92289.995999999999,0
55086,ERCT,480584,270907.17800000001
62953,ERCT,11293,0
62411,ERCT,773068,0
66410,ERCT,210300.96,0
55153,ERCT,7039183,3150618.6120000002
56776,ERCT,429549,0
65261,ERCT,320.00099999999998,269.43
65262,ERCT,338.00099999999998,279.60000000000002
65263,ERCT,240.999,212.91300000000001
66593,ERCT,129,226.29599999999999
65264,ERCT,219.999,186.495
65265,ERCT,315,262.47300000000001
66549,ERCT,429,361.30399999999997
66550,ERCT,407,335.53199999999998
65266,ERCT,384.99900000000002,317.29500000000002
66563,ERCT,473,391.05200000000002
66564,ERCT,432,357.15600000000001
65267,ERCT,345,289.06799999999998
65268,ERCT,345.99900000000002,294.91199999999998
65269,ERCT,243.999,206.71799999999999
65274,ERCT,297.99900000000002,246.345
65026,ERCT,290.00099999999998,240.61500000000001
66562,ERCT,425,351.77600000000001
67434,ERCT,177.999,180.417
67319,ERCT,288.99900000000002,249.15
67312,ERCT,96,98.01
67313,ERCT,177,179.48400000000001
67433,ERCT,33,30.332999999999998
66565,ERCT,1036,896.88800000000003
66567,ERCT,6751.0079999999998,6319.2640000000001
66566,ERCT,645,571.29600000000005
66612,ERCT,422,359.2
66613,ERCT,1190,998.99199999999996
63335,ERCT,414601,254593.685
56823,ERCT,352376,0
50118,ERCT,354363.31,104850.058
3491,ERCT,1519154,1135286.9040000001
55144,ERCT,4691736,2103063.4270000001
61032,ERCT,619232,0
65946,ERCT,4760,0
63738,ERCT,776697,0
62618,ERCT,152776,0
57617,ERCT,806515,0
62562,ERCT,1057927,0
61409,ERCT,5032,0
61962,ERCT,413402,0
65308,ERCT,22309,0
60339,ERCT,818758,0
56291,ERCT,2282287,0
50043,ERCT,1728780,573232.48499999999
52065,ERCT,12435,0
65048,ERCT,1070416,0
61309,ERCT,587,0
62152,ERCT,2103,0
58013,ERCT,1484,0
64859,ERCT,538484,0
63222,ERCT,405622,0
56984,ERCT,428145,0
65546,ERCT,1170609,0
55313,ERCT,2736677,865321.97600000002
3598,ERCT,8379,0
7097,ERCT,5077894,6144360.9809999997
3604,ERCT,35283,18814.584999999999
55230,ERCT,6252133,2684959.6919999998
55052,ERCT,12850,5911.1959999999999
60645,ERCT,727918,0
60104,ERCT,867875,0
54817,ERCT,1105626.3700000001,530032.853
62630,ERCT,593004,0
63328,ERCT,819841,0
61343,ERCT,855332,0
58838,ERCT,411852,0
62774,ERCT,115670,0
66321,ERCT,489963,0
66323,ERCT,567332,0
55581,ERCT,566793,0
63624,ERCT,479027,0
55365,ERCT,189809,148829.29999999999
65162,ERCT,1230199,0
3452,ERCT,899669,621299.68999999994
55097,ERCT,5659322,2397302.6260000002
61697,ERCT,120226,0
60372,ERCT,210389,0
61872,ERCT,12347,0
57153,ERCT,587464,0
62448,ERCT,191707,0
3439,ERCT,42052,24081.589
63101,ERCT,579160,0
63739,ERCT,904324,0
3609,ERCT,223197,135727.82800000001
61532,ERCT,20778,0
63892,ERCT,337152,0
298,ERCT,6059246,7236001.6639999999
65306,ERCT,815248,0
61782,ERCT,759859,0
62356,ERCT,747443,0
59442,ERCT,625818,0
65521,ERCT,181552,0
58772,ERCT,768728,0
57303,ERCT,329462,0
60059,ERCT,334556,0
57751,ERCT,456799,0
57752,ERCT,251582,0
59320,ERCT,536491,0
59321,ERCT,575454,0
55154,ERCT,3261489,1373996.5589999999
55123,ERCT,2883385,1251152.483
57802,ERCT,437716,0
58363,ERCT,180749,0
3599,ERCT,10162,0
59005,ERCT,867827,0
65372,ERCT,115108.00199999999,66558.732000000004
61513,ERCT,10258,0
63027,ERCT,23010,0
3600,ERCT,25683.999,0
6146,ERCT,11322156,13996318.363
62836,ERCT,550903,0
62853,ERCT,1471533,0
56773,ERCT,395083,0
65543,ERCT,577.995,439.02
57167,ERCT,21361,0
59332,ERCT,554682,0
62587,ERCT,1110336,0
56395,ERCT,425996,0
62258,ERCT,427671,0
58765,ERCT,965855,0
55091,ERCT,5230004,2418740.9079999998
61368,ERCT,287431,0
61776,ERCT,438114,0
62249,ERCT,527097,0
57322,ERCT,96278.14,30318.146000000001
58562,AZNM,1231179.0120000001,671251.88
60300,AZNM,3899,0
3492,ERCT,73585.001999999993,0
3453,ERCT,605252,430517.88799999998
65544,ERCT,781.995,594.01499999999999
62762,ERCT,84471,53497.885000000002
60910,ERCT,0,0
55747,ERCT,197819,0
55708,ERCT,249859,0
65661,ERCT,284143,0
59649,ERCT,8513,1E-3
3456,AZNM,3187373,1823136.5220000001
59407,AZNM,15484,0
64389,ERCT,8109,0
65271,ERCT,583622,0
3585,ERCT,449,0
61514,ERCT,9734,0
56961,ERCT,259677,0
3441,ERCT,1066438,492090.86700000003
3611,ERCT,1904802,1241693.703
58716,ERCT,9493,0
59204,ERCT,10303,0
58717,ERCT,78863,0
59205,ERCT,197077,0
59207,ERCT,250223,0
58537,ERCT,88294,0
67309,ERCT,107,107.42
66614,ERCT,822.99699999999996,679.42
67316,ERCT,178.00200000000001,149.97
67318,ERCT,2110.9920000000002,1772.904
67381,ERCT,42,36.468000000000004
6180,ERCT,12011783,13433250.18
62933,ERCT,325718,0
62932,ERCT,65091,0
56959,ERCT,18427,0
55215,ERCT,6978842,2849558.142
50815,ERCT,3647597,1194582.977
60366,ERCT,558762,0
63388,ERCT,42652,0
54676,ERCT,2686618.07,953720.04200000002
61773,ERCT,352805,0
56920,ERCT,519256,0
56921,ERCT,391113,0
56979,ERCT,699700,0
56983,ERCT,420955,0
57212,ERCT,495792,0
50109,ERCT,809511,427606.27899999998
55047,ERCT,4666808,1871659.814
58614,ERCT,641357,0
56661,ERCT,767452,0
58720,ERCT,595089,0
58242,ERCT,535852,0
60682,ERCT,94982,0
3630,ERCT,395098.99200000003,211467.024
57095,ERCT,314987,0
56795,ERCT,360168,0
3494,ERCT,344673,266265.52600000001
62417,ERCT,388713,0
60774,ERCT,26483,0
54628,AZNM,62462.26,19797.742999999999
61906,ERCT,527130,0
65631,ERCT,497475,0
67024,ERCT,29621,0
60459,ERCT,70831,45034.686999999998
56483,ERCT,428531,0
56457,ERCT,311742,0
10154,ERCT,879401,263951.66499999998
4195,ERCT,62389.000999999997,28707
52132,ERCT,629072.13,210741.258
61700,ERCT,3515,0
63100,ERCT,343670,0
66596,ERCT,363.99900000000002,301.983
64165,ERCT,948304,0
62755,ERCT,712235,0
64325,ERCT,672147,0
56981,ERCT,307105,0
56349,ERCT,2292892,1210006.9080000001
3628,ERCT,457933,355526.22
61346,ERCT,462705,0
59994,ERCT,385479,0
62141,ERCT,452084,0
62259,ERCT,1212182,0
59943,ERCT,491684,0
60743,ERCT,553594,0
66597,ERCT,689,666.73599999999999
3576,ERCT,117370,82501.425000000003
58005,ERCT,3125185,1364133.5730000001
62909,ERCT,639313,0
59391,ERCT,316785.99599999998,161462.712
62207,ERCT,239217,0
58870,ERCT,85742,0
50054,ERCT,18583.740000000002,5925.7910000000002
65573,ERCT,684,519.46500000000003
61865,ERCT,321019,0
54338,ERCT,78,5.0220000000000002
55137,ERCT,4376965,1846355.2709999999
62561,ERCT,1012669,0
7200,ERCT,4384,0
56374,ERCT,22745,12437.718000000001
60217,ERCT,427736,0
6243,ERCT,187668,111048.713
56593,ERCT,454251,0
65028,ERCT,400946,0
58681,ERCT,614753,0
62548,ERCT,152179,98270.164000000004
62620,ERCT,1116291,0
60657,ERCT,691346,0
6413,ERCT,106516,0
3631,ERCT,314249,158443.02900000001
6179,ERCT,7645266,9248091.8870000001
63211,ERCT,394034,0
63883,ERCT,380185,0
7325,ERCT,716007,585443.94200000004
6183,ERCT,1384087,1972164.2890000001
59712,ERCT,167183,0
56479,ERCT,313278,0
7900,ERCT,1861856.9979999999,922646.10800000001
56611,ERCT,3295185,3780874.034
62038,ERCT,1059341,0
60987,ERCT,1246352,0
65574,ERCT,706.005,535.95000000000005
56775,ERCT,201085,0
56506,ERCT,233622,0
10167,ERCT,17409,13727.851000000001
57981,ERCT,463145,0
59654,ERCT,272460,0
62227,ERCT,133588,0
65333,ERCT,426616,0
66540,ERCT,23087,0
59034,ERCT,526366,0
50304,ERCT,1469815.969,753280.56099999999
57415,ERCT,533569,0
50127,ERCT,7098,6386.4989999999998
3559,ERCT,125061,92181.948000000004
56771,ERCT,186077,0
3601,ERCT,1195711,774374.90800000005
59938,ERCT,83709,46876.313999999998
60989,ERCT,113904,0
55470,ERCT,3784842,1210813.527
60087,ERCT,997935,0
59384,ERCT,560592,0
6251,ERCT,21787144,0
56649,ERCT,264783,0
65575,ERCT,367.005,278.79000000000002
4266,ERCT,45927,37249.125
58774,ERCT,543867,0
58775,ERCT,762254,0
56644,ERCT,263672,0
55390,ERCT,10.997999999999999,8.5739999999999998
59063,ERCT,599375,0
57983,ERCT,1174573,0
61871,ERCT,16715,0
65576,ERCT,697.995,529.74
3504,ERCT,1080059,705385.24300000002
65303,ERCT,554540,0
58068,ERCT,8960,0
58027,ERCT,9653,0
58009,ERCT,10305,0
57326,ERCT,121546,0
55015,ERCT,2310337.9720000001,885849.32400000002
56211,ERCT,137616,0
56212,ERCT,429530,0
56311,ERCT,425530,0
56337,ERCT,621401,0
56372,ERCT,165238,0
4937,ERCT,3774336,1493962.852
3469,ERCT,955430.99899999995,315226.07699999999
57504,ERCT,106304.52,33463.093000000001
64639,ERCT,1043395,0
63180,ERCT,18844,0
58773,ERCT,718144,0
59621,ERCT,928115,0
61921,ERCT,1117878,0
62483,ERCT,541129,0
64075,ERCT,443608,0
60468,ERCT,88202,67708.085999999996
58001,ERCT,7236365,3367775.702
55062,ERCT,4173963,1830775.605
55132,ERCT,3089897,1390716.6440000001
52088,ERCT,2059432,710854.95799999998
50153,ERCT,73899,0
50229,ERCT,236338,76440.263999999996
65654,ERCT,173347,0
59381,ERCT,13812,6364.7290000000003
10243,ERCT,254064,136423.00399999999
63320,ERCT,670203,0
63688,ERCT,722349,438601.76
61969,ERCT,956878,0
61895,ERCT,8453,0
55968,ERCT,535533,0
3507,ERCT,330587,251395.38500000001
57520,ERCT,757836,0
65578,ERCT,903,685.15499999999997
56774,ERCT,345722,0
7030,ERCT,2319416,2930291.2779999999
3602,ERCT,3670,3980.7739999999999
60502,ERCT,354095,0
50150,ERCT,574625.26100000006,230759.56700000001
60581,ERCT,317558,0
3612,ERCT,1649584.997,2286495.1349999998
50121,ERCT,110226,179460.889
65662,ERCT,101560,0
65579,ERCT,709.005,538.245
61241,ERCT,43426,23814.781999999999
61242,ERCT,56446,30651.244999999999
61966,ERCT,114682,77242.464999999997
3443,ERCT,974078,455106.73599999998
10790,ERCT,411177,128561.62
65580,ERCT,696,528.36
54520,ERCT,23278,13546.458000000001
3470,ERCT,10743262,10916618.872
64813,ERCT,387.99900000000002,329.685
64814,ERCT,317.00099999999998,284.625
64815,ERCT,338.00099999999998,282.17099999999999
64816,ERCT,327.99900000000002,272.46899999999999
64829,ERCT,287.00099999999998,235.59
64883,ERCT,69,56.283000000000001
64769,ERCT,290.00099999999998,258.67500000000001
64885,ERCT,404.00099999999998,336.99
64886,ERCT,264.99900000000002,244.59
64771,ERCT,357.99900000000002,313.61399999999998
64887,ERCT,62.000999999999998,50.322000000000003
64888,ERCT,255,231.55799999999999
64772,ERCT,356.00099999999998,299.93700000000001
64889,ERCT,179.001,159.37799999999999
64890,ERCT,315,256.221
64891,ERCT,318.99900000000002,300.23099999999999
64893,ERCT,267.99900000000002,248.565
64895,ERCT,93,77.031000000000006
64896,ERCT,312.99900000000002,263.00099999999998
64897,ERCT,371.00099999999998,305.60700000000003
64898,ERCT,402,333.71699999999998
64899,ERCT,297.99900000000002,242.19300000000001
64900,ERCT,369,299.58600000000001
64901,ERCT,368.00099999999998,307.94400000000002
64902,ERCT,360.99900000000002,313.78800000000001
64922,ERCT,291,236.34899999999999
64923,ERCT,287.00099999999998,269.83800000000002
64924,ERCT,218.001,221.09700000000001
64925,ERCT,309.99900000000002,289.70999999999998
64926,ERCT,162,140.15
64933,ERCT,393,348.27
64934,ERCT,146,126.708
64935,ERCT,297,253.065
64936,ERCT,365.00099999999998,284.39100000000002
64937,ERCT,371.00099999999998,308.70299999999997
64938,ERCT,3,2.4500000000000002
64939,ERCT,303,273.93
64940,ERCT,372,309.58199999999999
64773,ERCT,369,304.20299999999997
64774,ERCT,227.001,208.47300000000001
64942,ERCT,177,151.137
64775,ERCT,309,277.02600000000001
64943,ERCT,353.00099999999998,290.64600000000002
64944,ERCT,390,322.55399999999997
64776,ERCT,368.00099999999998,332.19900000000001
64945,ERCT,249,211.27799999999999
64946,ERCT,189,191.22900000000001
64777,ERCT,374.00099999999998,306.01499999999999
64778,ERCT,299.00099999999998,257.50799999999998
64791,ERCT,324,280.709
64792,ERCT,261.99900000000002,251.83799999999999
64947,ERCT,390,324.36599999999999
64948,ERCT,288.99900000000002,234.18600000000001
64949,ERCT,378,312.15300000000002
64950,ERCT,338.00099999999998,274.33800000000002
64951,ERCT,390.99900000000002,324.13200000000001
64952,ERCT,7,5.39
64793,ERCT,315.99900000000002,262.82400000000001
64953,ERCT,321.99900000000002,273.40499999999997
64794,ERCT,274,237.75200000000001
64954,ERCT,3,2.4500000000000002
64955,ERCT,296.00099999999998,264.63600000000002
64956,ERCT,354,293.21699999999998
64795,ERCT,362.00099999999998,321.91199999999998
64957,ERCT,315,273.17
64797,ERCT,291,236.52600000000001
64959,ERCT,333.99900000000002,279.483
64960,ERCT,264,246.51900000000001
64798,ERCT,249,225.59700000000001
64961,ERCT,408.99900000000002,363.40800000000002
64962,ERCT,318,265.221
64799,ERCT,264.99900000000002,232.55099999999999
64963,ERCT,296.00099999999998,245.643
64800,ERCT,404.00099999999998,333.71699999999998
64801,ERCT,282.99900000000002,285.50099999999998
64802,ERCT,230.001,233.42699999999999
64803,ERCT,287.00099999999998,269.66399999999999
64804,ERCT,408.99900000000002,335.82299999999998
64805,ERCT,293.00099999999998,264.51900000000001
64806,ERCT,296.00099999999998,247.923
64807,ERCT,351.99900000000002,296.07900000000001
64808,ERCT,174,145.41
64809,ERCT,338.00099999999998,279.13200000000001
64810,ERCT,287.00099999999998,237.459
64812,ERCT,287.00099999999998,258.08999999999997
63273,ERCT,192020,0
58766,ERCT,954034,0
61370,ERCT,10925,0
57699,ERCT,56430,0
61625,ERCT,5310,0
62855,ERCT,780386,0
62415,ERCT,230421,0
50101,ERCT,406766.75900000002,22317.184000000001
64149,ERCT,834295,0
54330,ERCT,21825.58,12182.272000000001
65581,ERCT,709.005,538.245
57020,ERCT,22001,1E-3
56673,ERCT,83929,0
64710,ERCT,1739675,0
61410,ERCT,10218,0
61411,ERCT,10215,0
58021,ERCT,166729,0
61524,ERCT,20156,0
6414,ERCT,2467,0
62715,ERCT,560099,0
60901,ERCT,845897,0
56674,ERCT,86238,50321.464
59238,ERCT,200964,0
55320,ERCT,3353144,1408527.48
55139,ERCT,3093062,1390041.6029999999
59812,ERCT,7017678,2847129.5189999999
58080,ERCT,375642,0
55796,ERCT,175694,0
55795,ERCT,168804,0
54364,ERCT,56.999000000000002,49.079000000000001
61873,ERCT,10483,0
65763,ERCT,1580027,0
6481,CAMX,4448880,4825362.9249999998
57079,CAMX,326324,0
57107,CAMX,158888,0
60696,AZNM,15760,0
10773,SRVC,283170,0
64019,RFCW,168885,0
56681,SRVC,32557.008000000002,1314.6279999999999
56894,SRVC,1219,1E-3
67225,SRVC,2036,0
65224,SRVC,166,0
3782,RFCE,1548,1259.076
56807,SRVC,3023135,1260892.075
61126,RFCW,4939,0
65323,SRVC,103985,0
60234,RFCE,121,94.727999999999994
62950,SRVC,70313,0
10155,SRVC,6810,0
65022,SRVC,41765,0
58260,SRVC,6337633,2645976.273
56682,SRVC,45060.995000000003,1573.221
55738,RFCW,185336,107621.031
3772,RFCW,38460.999000000003,0
60917,SRVC,31920,0
3773,RFCW,22854,0
63084,SRVC,51769,0
63083,SRVC,30553,0
63087,SRVC,27993,0
65314,SRVC,37763,0
52089,RFCW,161423,0
56683,SRVC,53997.983999999997,2363.5149999999999
3803,SRVC,178,446.94
66541,SRVC,7971,0
56684,SRVC,24283.008000000002,1261.4059999999999
3797,SRVC,2429174,1419057.7109999999
7438,SRVC,142,2.3679999999999999
3774,RFCW,197798,0
3775,RFCW,85760,66784.892000000007
7213,SRVC,247929,306980.27799999999
59693,SRVC,46969,0
61985,SRVC,260163,0
55381,RFCE,22907.996999999999,19837.237000000001
60915,SRVC,30137,0
50663,SRVC,149995,188667.16099999999
50658,SRVC,690027,653289.50199999998
66839,SRVC,2108,0
67235,SRVC,5715,0
61055,SRVC,4246,0
61849,SRVC,13087,0
63965,SRVC,19701,0
56364,SRVC,15.68,12.984
56363,SRVC,14.7,12.167999999999999
7212,SRVC,118074,93930
61691,SRVC,29017,0
62730,SRVC,129525,0
7797,SRVC,794,781.596
52019,SRVC,5297756.9960000003,2842367.4780000001
55954,SRVC,232,157.77199999999999
60127,RFCE,121386,0
56367,SRVC,479.99900000000002,497.16399999999999
52087,SRVC,109175.997,78091
52148,SRVC,13047,4357.3670000000002
50175,SRVC,4875,0
65151,SRVC,6312,0
64015,SRVC,39757,0
64010,SRVC,25526,0
64817,RFCW,40264,0
64012,SRVC,37278,0
61406,SRVC,34497,0
65322,SRVC,312851,0
57754,SRVC,9444,1E-3
10798,RFCW,19489,0
50479,RFCW,50551,0
65016,SRVC,25463,0
7798,SRVC,253,250.542
63031,SRVC,37459,0
7439,SRVC,429.99900000000002,613.28899999999999
54844,SRVC,918011,460010.90100000001
64135,SRVC,40998,0
62813,SRVC,147209,0
7032,SRVC,89292.998999999996,70338.100000000006
59913,SRVC,10286001,3964667.9780000001
63745,SRVC,129312,0
59860,RFCW,92473,27007.202000000001
50178,SRVC,1085,0
58560,SRVC,298419,10.504
61375,RFCE,30628,0
61374,SRVC,11890,0
66996,SRVC,6879,0
57356,SRVC,7302,295.52699999999999
62014,SRVC,299603,0
61023,SRVC,29761,0
10633,SRVC,912120,417244.212
50813,SRVC,294140,46050.002
10771,SRVC,344996,0
54723,SRVC,18564,0
62355,SRVC,1495,0
52152,SRVC,222003,22553.837
3833,SRVC,340026.99900000001,0
56686,SRVC,53764.991999999998,1779.5809999999999
7839,SRVC,851407.995,518687.74400000001
3777,RFCW,46717,0
7837,SRVC,236858.99799999999,173232.42
3799,SRVC,134,214.93600000000001
3789,RFCW,3519,0
55156,SRVC,43079.998,0
65319,SRVC,203326,0
7836,SRVC,215385.99900000001,143369.63399999999
61458,SRVC,9567,0
57893,RFCW,92,62.418999999999997
64158,SRVC,52379,0
62758,SRVC,95299,0
58057,RFCW,6125,0
66997,SRVC,4551,0
59614,RFCW,1532,1237.93
64093,SRVC,34645,0
56004,SRVC,1310.26,1435.549
61318,SRVC,32905,0
62948,RFCE,5805,0
59845,SRVC,13701.995999999999,611.38300000000004
3790,RFCW,3080,0
3778,RFCW,8001,0
64086,SRVC,1854,0
6168,SRVC,15828266,0
3800,SRVC,1516,2042.144
7941,SRVC,525,411.90800000000002
60584,SRVC,28982,0
60236,RFCE,122,96.117999999999995
63173,RFCW,211,108.28700000000001
61457,SRVC,10948,0
50275,SRVC,13811.035,5517.5330000000004
60235,RFCE,131,104.61
59911,SRVC,872,0
62768,SRVC,53616,0
3825,SRVC,31125.999,0
65220,SRVC,20656,0
56005,SRVC,890.82,1070.4380000000001
62012,SRVC,140677,0
62013,SRVC,461394,0
7940,SRVC,426,338.41
3804,SRVC,1869421.9979999999,813389.99399999995
59004,SRVC,4430148,1821332.4620000001
65305,SRVC,55068,0
55953,SRVC,231,133.274
62140,SRVC,27709,0
3827,RFCW,6056,0
52072,RFCW,32245,11780.29
62780,SRVC,3193,0
7838,SRVC,308482.00099999999,182518.89
59685,SRVC,31918,0
3779,RFCW,22675,0
57897,SRVC,27256,0
62011,SRVC,38216,0
65321,SRVC,33563,0
10017,SRVC,497914,0
62814,SRVC,184771,0
56519,RFCW,24,20.579000000000001
56289,RFCW,35,29.888999999999999
56288,RFCW,60,48.997999999999998
54655,SRVC,14031,0
60316,SRVC,27476,0
60968,SRVC,35887,0
62675,SRVC,350646,0
3780,RFCW,176270.99900000001,0
3821,RFCW,14006,0
66999,SRVC,15908,0
10774,SRVC,340004,2988.4989999999998
61422,SRVC,119726,0
61986,SRVC,143230,0
54081,SRVC,56935,20347.456999999999
61908,SRVC,31019,0
65307,SRVC,82825,0
3806,SRVC,13834669,0
60916,SRVC,38212,0
64136,SRVC,74174,0
67373,SRVC,11110,0
67374,SRVC,11133,0
63746,SRVC,20737,0
6390,RFCE,88,78.152000000000001
3785,RFCE,2338,4427.5
55439,SRVC,3933012,1684192.828
67272,RFCW,2038,0
63077,SRVC,25549,0
7440,SRVC,499.00099999999998,739.78499999999997
7441,SRVC,331,420.97199999999998
56693,SRVC,4183.9920000000002,441.51600000000002
56808,RFCW,753348,802814.80299999996
56785,RFCW,8879.1640000000007,2962.8850000000002
55939,SRVC,8468725,3451963.6770000001
56531,SRVC,37387.998,0
57022,SRVC,80077,0
57018,SRVC,50045,0
63549,SRVC,184153,0
56368,SRVC,3,12.576000000000001
65221,SRVC,34578,0
50900,SRVC,663062,0
59904,SRVC,742,0
63696,SRVC,47181,0
54998,SRVC,49848,23468.495999999999
62959,SRVC,79333,0
60319,SRVC,49027,0
55285,RFCW,77112,50345.129000000001
60318,SRVC,29998,0
3809,SRVC,0,1624.5889999999999
67384,RFCW,3590,0
4043,RFCW,5539.0010000000002,0
56391,RFCW,295302,0
1775,RFCW,16047.001,0
67385,RFCW,2205,0
67383,RFCW,3659,0
4201,RFCW,39041,0
7159,RFCW,119825,97615.557000000001
56520,RFCW,35128,0
56068,RFCW,6664916,6443210.0460000001
56031,RFCW,4346913,1787017.0049999999
6253,RFCW,13219,15021.339
57199,RFCW,345532,0
67382,RFCW,2755,0
61816,RFCW,1417,0
55836,RFCW,8000,6269.8029999999999
59771,RFCW,942,0
67386,RFCW,3243,0
7822,RFCW,28324,0
4118,RFCW,741,801.21600000000001
54098,RFCW,113768,15239.56
54885,RFCW,12273,0
67430,RFCW,3375,0
4119,RFCW,20427.999,0
54851,RFCW,75846.998999999996,16844.924999999999
55525,RFCW,30181.001,2478.7420000000002
55558,RFCW,376300,175443.783
50576,RFCW,43901,0
55742,RFCW,45632,0
55135,RFCW,610066,405214.7
4120,RFCW,42237,0
50439,RFCW,4420,0
4044,RFCW,3224.0010000000002,0
50577,RFCW,84764,1E-3
7270,RFCW,160199.00399999999,128705.871
54661,RFCW,40536.000999999997,0
4045,RFCW,12070,0
4046,RFCW,9682767,490.30399999999997
4040,RFCW,8470420,3472198.7429999998
4122,RFCW,15032,0
67387,RFCW,2679,0
55925,RFCW,37084.002,0
4041,RFCW,3581721,4333165.8830000004
59836,RFCW,37830,0
67395,RFCW,3771,0
4042,RFCW,377146,148421.402
67394,RFCW,3751,0
59448,RFCW,44704,7665.2730000000001
55011,RFCW,663873.93000000005,312935.54100000003
50491,RFCW,667439.24,178630.924
57151,RFCW,247134,0
62482,RFCW,142623,0
7594,RFCW,272223,0
55284,RFCW,324961.99800000002,215388.50899999999
64433,RFCW,350807,0
55276,RFCW,469800,341801.8
6543,RFCW,4182.9989999999998,0
6544,RFCW,2421,0
3943,RFCW,4367854,4473491.5070000002
56333,RFCW,170220,0
50010,RFCW,11266.998,0
10151,RFCW,598706,798740.30700000003
3944,RFCW,11192671,12224897.766000001
50011,RFCW,435164,0
3935,RFCW,8530226,9557749.6209999993
57447,RFCW,241213,0
6560,RFCW,65141.000999999997,0
56671,RFCW,3921097,3827911.1770000001
6561,RFCW,58650.999000000003,0
6546,RFCW,6602.9989999999998,0
3948,RFCW,3327304,3908527.6209999998
3954,SRVC,3519306,3890891.3760000002
6264,RFCW,4968702,5301427.96
55986,RFCW,53768,0
56495,SRVC,573187,0
60132,SRVC,294423,0
50036,RFCW,173434,0
63246,RFCW,9088,0
57595,RFCW,186284,0
55349,RFCW,2200939.034,1367172.621
6004,RFCW,4583015,5007567.6100000003
57401,RFCW,220355,0
6562,RFCW,110521,0
